CUSTOMER_ID,CUSTOMER_NAME,EMAIL,COUNTRY,REGISTRATION_DATE,
5fc0244f-36c9-4e11-a39c-d04c3944f5f0,Marsha,mprophet1@twitpic.com,CA,5-3-2024,
bf7d03c3-9782-4b29-b096-4d723f1a20ca,Alyosha,abrugsma1@wired.com,CN,9-1-2026,
838205f8-9c9b-45d4-97b0-5413c6cfdb1d,Joyce,jleahey3@qq.com,AM,10-1-2021,
10cd27b6-2c19-473a-a002-6f07c81ff5f3,Wendel,wbebbington4@newyorker.com,ID,6-9-2020,
,Tiphani,tdeakin5@hud.gov,PL,31-5-2023,
5791671c-fd4b-4c88-bb30-0e970209ab45,Louie,lwilcott6@ucoz.com,NL,21-6-2025,
77765057-1157-4a61-a818-b6a775412f5a,Fayina,fotoole7@marriott.com,ID,3-3-2020,
a2694b43-cb3d-4ff0-b517-b132e1bcf2d2,Dyann,dgilvear8@gizmodo.com,UG,27-3-2022,
a2694b43-cb3d-4ff0-b517-b132e1bcf2d2,Dyann,dgilvear8@gizmodo.com,UG,27-3-2022,
300d3a52-4b79-4f8f-9225-7c581fa7a2a0,Susanna,sinnott9@nbcnews.com,BY,21-4-2021,
d7499a52-c7d3-404c-a6c5-441c9ba47bb1,Hildegarde,htrettera@google.de,FR,25-4-2021,
01c5064b-b4d3-4e4d-b271-8acb31da7032,Ibbie,ikatzb@springer.com,IL,13-7-2021,
b59e57dc-88b8-40eb-8c1c-dceb42ba8f28,Caddric,cchansonnauc@japanpost.jp,IS,14-2-2025,
495e939f-8724-4d30-a7c6-9b09626abe04,Virgie,vbreckwelld@dmoz.org,GE,3-7-2020,
58fffc7b-205c-462e-a8a0-26bba7979c95,Jerrome,jdummette@census.gov,SE,15-11-2025,
,Maressa,mgashionf@facebook.com,SR,3-2-2022,
f3482c2c-a5e9-4eb2-8fa7-36a19bb705ad,Gard,gmaidmentg@feedburner.com,US,1-11-2022,
b834c97b-2b9d-44df-a734-885930258dac,Thebault,tswinnertonh@npr.org,KZ,31-5-2020,
a1b37f63-c0d1-4664-8171-90589b0e3530,Neille,ngaveni@gravatar.com,PL,9-8-2025,
d2aa0ac0-66fc-4d93-9b44-40bb4156135a,Phillipe,pjosefj@fema.gov,PH,30-4-2022,
068a6fb3-6ebf-4aa6-b5b2-44919b4d4b24,Berty,bdurantk@pinterest.com,BW,6-2-2025,
77089c9a-eff6-4c78-98f0-413d5931e341,Anastasia,aabramovicl@networksolutions.com,RU,10-10-2023,
3049d812-a41a-466a-91aa-ee1db9cfcf05,Madelena,mfranciskiewiczm@apple.com,ID,16-1-2022,
597ba061-8230-475e-ad25-2274823efc43,Laurel,lwhittleseen@unesco.org,PE,30-5-2025,
68ad0409-f0eb-42c6-9bef-6aa158b0c736,Rafa,rformieo@webeden.co.uk,CN,3-12-2024,
b51313af-cefe-497f-b10f-b418337889cb,Thorpe,tcradocp@state.gov,BO,19-11-2023,
,Abelard,aatmoreq@epa.gov,UA,16-4-2021,
,Brandy,bstitsonr@miibeian.gov.cn,MX,20-7-2023,
8d2a5d09-9b04-4cd1-b908-761245059b7f,Ole,oharphams@intel.com,BR,13-3-2024,
ed8c74f5-5559-46a7-b085-a126c122bdfc,Homerus,hweblandt@about.com,CN,4-6-2022,
dca7cd12-23da-4245-9585-43306a0ce55d,Karlik,kkrysztofiaku@elegantthemes.com,PL,29-3-2023,
a06e5f7f-5540-43ed-b0f9-e989500486a8,Mercie,mwookeyv@addtoany.com,PL,11-1-2021,
8941d27a-1856-4420-9d94-cd1544b3767e,Gavra,ggivesw@java.com,RU,14-7-2022,
aabb87bc-ebfb-4c13-b2fc-6f08897b64f7,Damita,dbalmx@huffingtonpost.com,RU,23-4-2020,
ee46b18f-86f7-4976-822c-086853b58f82,Bucky,bturleyy@tripadvisor.com,PL,26-4-2023,
e80fe41d-fa4f-497a-b330-1e906fdf6fce,Alwin,agibbyz@opera.com,YE,9-4-2020,
c978e84c-976b-4c3d-990e-b8d83b29f30a,Almire,agiovannardi10@si.edu,VN,24-8-2021,
7f24be9f-997c-48a8-9762-db947c9ff9e0,Bili,bmacelharge11@spiegel.de,RU,29-3-2021,
39eb8e21-8192-490e-b3ee-070cf8e9eeb4,Archibold,aboskell12@omniture.com,BR,22-11-2025,
5d5d3fe0-a082-48eb-b82d-7b2a7e80a798,Travis,thalsall13@deviantart.com,CZ,30-3-2025,
fda23cec-0641-435d-b356-ac6b34fd8b83,Fran,falp14@techcrunch.com,CN,21-12-2021,
03b448e2-692b-4f1e-b168-8fa7a5514c03,Marybeth,mlambregts15@lycos.com,JP,31-7-2021,
b299340d-8453-4059-87e6-13a96e9fceb3,Quillan,qlambertciorwyn16@skype.com,BA,6-11-2024,
824cf842-c586-41f3-a318-2f4853c65198,Harriet,hrusse17@ning.com,DE,30-4-2021,
cbe3d6bc-0840-4bd1-855c-134c92c7ee5f,Adeline,aoller18@auda.org.au,PK,20-1-2026,
28fc711d-f72f-47bf-bce5-cdf3a98eabf6,Carolina,cmowbray19@amazonaws.com,DE,31-10-2022,
2d57ec0c-4e44-4afb-933f-71b2a042bcae,Shandy,sfatkin1a@state.tx.us,BW,14-3-2020,
794ea316-b8ad-4255-9bf7-6202ec621834,Jarrett,jciccoloi1b@mapy.cz,CN,29-5-2020,
e3dd9a06-6f7b-4876-b145-c2915e81873f,Filmer,fbabington1c@nationalgeographic.com,RU,26-10-2020,
0d164a7a-7e2a-4a5d-a80e-1f6054d17e94,Maryl,mluebbert1d@blogs.com,CN,2-1-2024,
c0260f53-2a25-4b07-acbf-c5a06154dd12,Cornie,cstuther1e@smh.com.au,CN,28-2-2021,
4e61132d-34e4-4af9-bf47-a3ce18462170,Eulalie,epoacher1f@bbb.org,MX,28-6-2023,
103e3001-4904-4cdb-982b-e5c66fe0951e,Alard,acorington1g@angelfire.com,ID,25-8-2020,
c2f43a13-5205-407b-9baf-c0dce5b727ac,Rowney,rvettore1h@yandex.ru,KR,13-9-2020,
a2c5293c-d268-49f9-98f5-5ba9e5bc36ad,Cello,cdyet1i@phoca.cz,US,14-10-2025,
5b20ab93-8e13-44e2-acbe-e94655dcb153,Dana,dcornthwaite1j@diigo.com,PH,18-8-2025,
42171262-1428-443a-9d26-358966443900,Kirk,kfodden1k@cnn.com,PL,12-6-2023,
a7fb3d16-d25a-4b04-87f9-8b5127f7cbb4,Padriac,pgwilt1l@diigo.com,CN,10-3-2024,
1e90eb56-7a48-4ed7-a5e8-7a9183fb7239,Jehanna,jdomaschke1m@princeton.edu,RU,4-10-2024,
cb1bb7c3-0b16-431f-bfda-4306dfd1c081,Wylie,wkeward1n@mapquest.com,CN,9-5-2024,
0a8913db-a1da-4ca0-b625-0a4c01500494,Wakefield,wmacnamara1o@aol.com,CN,29-7-2020,
9766f115-6a5f-4bee-8a40-0be9644b7047,Jacquenette,jcominello1p@sbwire.com,CN,19-5-2021,
da4bf597-72a3-4309-bc3c-4f8a207ae97a,Rickert,rakester1q@github.io,RU,27-3-2025,
ad9bc389-9502-4fcd-935f-59569c10dccd,Kermie,kmacgorley1r@sourceforge.net,PK,12-2-2025,
33bcdf9c-c014-479c-b8bb-2ac57b059355,Raviv,rcronchey1s@telegraph.co.uk,PH,6-11-2020,
0ea0b419-6bfa-430c-92c8-d92847df84de,Janenna,jlandsbury1t@vk.com,RU,7-7-2021,
92a690d4-74c6-46b8-8f1a-867a10b52163,Lucy,lpead1u@unesco.org,PH,31-10-2020,
bf31e74d-269c-48cd-8b62-54d94e9ffc29,Pansy,pvella1v@pcworld.com,RU,13-1-2023,
21bdc9c2-ca93-45c9-921e-5a2254ea17da,Neilla,nirwin1w@mysql.com,PH,26-6-2023,
d202b05d-9e5d-48f8-a5c2-68b7c8aba7bb,Flynn,fdeyes1x@stumbleupon.com,CN,25-10-2021,
b3b26211-c56c-4d1b-a04e-4d31a713978e,Brita,bberetta1y@ucla.edu,BR,20-4-2023,
1bff7556-9ae8-4990-b89f-62e6fcb2d5fb,Leonard,ltitcumb1z@addthis.com,JP,8-12-2022,
6d19fc80-ab04-457f-9daa-db7d6354c225,Consuelo,cmazella20@wix.com,NO,30-3-2024,
b5fe6933-8a19-4481-8e43-3aafbafa872b,Joey,jfearnley21@nih.gov,RU,6-11-2020,
94505543-de20-4351-aaf5-83c0c14ced24,Irene,idockerty22@geocities.jp,FR,23-12-2025,
26894055-8afe-4a18-adcb-e802a03badc5,Xylina,xfeasey23@tripod.com,CN,12-9-2020,
,Layne,leastham24@com.com,GT,24-2-2021,
fa5b4d04-3c24-4c1d-9450-9a6235d9055d,Luther,lsuatt26@fc2.com,PH,27-8-2025,
b7961893-b758-4441-8c5c-50f6af3b19d6,Frederique,fscaplehorn26@seattletimes.com,BR,23-5-2022,
74d0cdd9-a393-4d46-bb3b-13568c20b9c6,Jarrod,jskeermer27@cmu.edu,RU,29-7-2024,
34d54005-1d87-43d4-a5a0-4e8d1f69947a,Marisa,mfuller28@google.de,PK,20-5-2022,
5ac1d5bf-bbe9-41fa-a654-e2cb2b68e1d2,Joannes,jmarte29@salon.com,CN,2-11-2025,
3091cdc3-98ab-46b1-926a-9b7bc2e16ee8,Sebastiano,sveivers2a@bloglovin.com,GB,14-2-2025,
3635db89-8823-4609-ad9d-a72a9a47ae59,Kimbell,kglinde2b@reddit.com,TZ,2-1-2022,
db02034e-2ae9-457b-bb47-ee6031730113,Adriaens,amaurice2c@digg.com,CN,4-12-2022,
6674edbc-ae18-4007-b380-f0afabb0ef59,Boniface,bbeed2d@un.org,PH,24-10-2022,
11497d4b-d640-4b80-8473-fe4b8a0cf406,Moira,mblucher2e@squarespace.com,RU,17-1-2021,
1664822f-bca2-4875-8dbf-a49d60d33048,Vern,vtynewell2f@blinklist.com,NG,1-11-2023,
8b4b6e60-fe01-46f1-b8e7-c848e23f3c0d,Ives,imcsarry2g@over-blog.com,TH,15-9-2023,
17ff4b3b-1bd5-4e13-90b4-cf8ef23431d4,Aurelie,aflack2h@phpbb.com,ID,6-2-2022,
19289783-0155-4f4a-9782-070f4b45ea91,Nettle,nrraundl2i@xrea.com,MX,28-6-2020,
725c61d9-5522-4858-b5a4-5b617c3b9fc8,Norrie,ngordge2j@thetimes.co.uk,PH,28-6-2025,
3100f408-b36f-478c-a729-bb1a238cb48b,Vanna,vshellard2k@archive.org,ID,14-12-2020,
eba5bdfe-1795-4980-9210-e5a3d5221b27,Matty,mspadari2l@ox.ac.uk,ID,6-6-2025,
bc6ba282-e252-418c-afcb-53e1e63db2ba,Teresita,tcheetam2m@state.gov,PE,27-6-2020,
d4f99b66-46c2-41c3-b2a8-962d99f1384b,Tova,tbraban2n@privacy.gov.au,PE,11-11-2025,
020f973d-8c32-4269-a5e4-c361a1ddbef5,Giff,gjozefiak2o@clickbank.net,WS,29-1-2023,
c864838e-ec03-4178-8bdb-bc24cfa5027f,Jermain,jborgne2p@blogtalkradio.com,LV,10-6-2022,
ff028a23-35fb-4c87-ab81-0e7e094af04d,Stesha,shurburt2q@fda.gov,CN,29-1-2023,
f16ee5f3-0c6b-4147-a710-a10af1c2f2c0,Maddy,mdellenbach2r@1und1.de,CN,24-10-2025,
1a796800-8adf-49da-a110-5a6ea87ebb07,Luther,lfernant2s@slideshare.net,PH,30-4-2020,
554310f0-c508-47b9-a7f0-deabc886021b,Isidoro,iwaiting2t@youku.com,HN,19-8-2020,
f3e14e60-8306-486f-99b8-ca5a3ef62677,Karolina,kdrakes2v@arstechnica.com,ID,26-7-2021,
e831262b-247e-44a2-9b5c-9887ecc55dea,Vivyanne,vtrue2w@pbs.org,PH,10-12-2024,
43ab4e52-eab7-4116-a64b-4a64f21c4971,Lilith,lmckinney2x@netscape.com,UZ,22-3-2025,
63791951-7a5f-41d9-b8b6-3ea6b62fe8f1,Sallyanne,sgirardengo2y@netlog.com,CN,8-5-2024,
4a83924b-d945-400f-bc02-d1e791fe59ea,Ava,apemble2z@google.pl,RU,7-3-2021,
ac5244c5-5fca-4023-8d0a-324b1a1d2121,Bernadina,bbrackenridge30@addtoany.com,FR,24-5-2023,
6fa041b3-6736-440d-a943-f06c4023b825,Davin,drosenzveig31@flickr.com,CN,6-12-2024,
49f73e38-1cfb-4adc-b587-48af017ff16d,Gavin,gtesmond32@godaddy.com,CZ,14-7-2022,
8fa2f90f-3f93-48fb-9e80-adb91cfdba5a,Dag,dcorah33@indiatimes.com,UA,20-12-2022,
633185c2-93c2-4a63-a099-9bd7226a9444,Chadd,crake34@boston.com,ID,13-10-2022,
,Barby,bdrivers35@spotify.com,CN,5-9-2022,
5879cf83-282c-46e2-8bb2-7b03c41e0eba,Quentin,qfenge36@foxnews.com,HN,27-9-2020,
43084cd5-2ea7-48a0-930e-6969c63fd8a2,Skelly,squidenham37@deliciousdays.com,RU,11-12-2020,
7f10b799-cc23-45b6-af2e-703fc8ea259c,Chantal,cclemmen38@amazonaws.com,VN,24-5-2022,
e899d553-2b30-4998-9499-8e44765f30d8,Eolande,erizzello39@4shared.com,CN,10-11-2024,
175723df-596e-4bb7-9d4c-09d63a27c57f,Evyn,emutter3a@reddit.com,PT,9-8-2024,
801e6f46-3a7e-40fd-b0db-c8096352cbe9,Merola,mguitte3b@dyndns.org,PL,22-11-2021,
f9b365a2-1835-488c-9839-db2addc57dc9,Abagail,afarthing3c@4shared.com,MA,6-10-2022,
37789de6-8319-4e31-91e2-26d6e0c2114c,Erin,emcilvenna3d@berkeley.edu,ES,23-5-2023,
2f2a5ef9-9e0b-430a-a2ca-6e0d38aacb54,Melisa,mcockroft3e@webnode.com,MU,15-9-2023,
1401bbff-6d83-4e6e-8c52-4a0923998e60,Redd,rcheke3f@twitter.com,EG,31-7-2024,
195ceb48-9bb2-4ce3-a5d8-f3e25f749886,Zebadiah,zearwaker3g@ibm.com,BR,11-11-2020,
5b862def-c548-4f5e-a9b6-38ee0ee2848c,Otis,oburder3h@archive.org,JP,11-5-2024,
b15573d8-db7e-4bfc-872d-2a210d642c34,Odelia,ocoraini3i@statcounter.com,CN,5-10-2021,
136a07d4-a4bc-4564-b80e-fd70b5c9f4dc,Saudra,sbut3j@soup.io,MX,31-1-2024,
8e8bcc5f-d141-45ee-ba5d-10e5448d5c63,Andrus,abuttriss3k@lulu.com,CN,4-9-2021,
6dc528cf-35c7-4f38-ae94-1e6cb5464454,Maiga,mlorence3l@reference.com,FR,20-12-2024,
1f7cc90b-7e18-4f19-9cfa-947a2a4eeb01,Krystle,khartley3m@webnode.com,CN,6-5-2023,
5f3f804b-c708-4bd9-b499-187b0ef350af,Raquel,rhamshaw3n@qq.com,CN,19-5-2025,
9c6d3210-01d3-4f58-aa95-9d98ee643ef4,Claire,childred3o@sciencedaily.com,VN,20-8-2025,
127195ac-4a63-468c-a2f6-cf442623a7d4,Sissie,sdemangel3p@amazon.de,HT,27-9-2021,
e7a9eeb0-ddd3-4b3f-9574-e6fe8d946ae0,Perrine,pnancekivell3q@bbb.org,FI,28-10-2023,
1c5b3cd8-838e-455c-b9af-1e8cb3f2a15f,Donelle,dneagle3r@alexa.com,BF,12-11-2022,
ec3fb03f-ed3d-41e9-8a53-53ead3d4baec,Lena,lpassmore3s@cisco.com,ML,25-9-2024,
617346e3-13fc-4cbf-b011-9b3c6ee514e0,Jami,jpoytres3t@ox.ac.uk,ID,1-9-2022,
8d4a7613-2c77-4856-a89e-152a6cacb527,Armin,askillen3u@bloglovin.com,CN,9-6-2024,
f5f08384-baa6-493f-b1cd-eb07c100b167,Luelle,ljellard3v@discuz.net,ZA,2-8-2021,
ffeb6671-e732-45a7-9bd4-a8a659ce8208,Ginger,gklagge3w@nationalgeographic.com,ID,11-4-2023,
8a55cf40-cd00-459e-8971-01e8bbf677a6,Gideon,gchurchlow3x@bloglovin.com,ID,1-5-2020,
f6f4c4ac-900e-4eb0-bc06-c5652b83dc30,Gerhardt,gwabb3z@cmu.edu,CZ,13-1-2022,
03e8314e-2687-4429-aca5-3f4f49a93ece,Doralyn,dambrois40@timesonline.co.uk,ES,15-10-2025,
7a835a0f-f9aa-44e5-a25b-626e875ccecf,Bendite,bpanichelli41@php.net,GR,4-6-2021,
0a500d8a-54d6-44d9-b54d-b790d6cd69c8,Darby,dlamlin42@domainmarket.com,CN,19-9-2024,
1db8455a-e08c-4030-8469-a743c827333f,Lynett,lwrout43@cnbc.com,GR,23-2-2022,
d9a3945e-8203-46c6-9fa6-5b24fb0dc369,Carolann,clewsey44@cnbc.com,PH,13-7-2020,
e5b444c3-934c-4962-b707-421d3fbeac89,Harp,hbroadhurst45@mtv.com,CN,14-3-2020,
ff2626ec-7299-43ee-88ee-71b26a22a352,Marisa,mcamus46@answers.com,ID,30-6-2025,
b4244bcd-e54e-4b24-b6c5-9f10d1295796,Mehetabel,mbrewerton47@angelfire.com,PT,3-12-2020,
14129fcc-a453-46b7-acc1-3bd941ca9aa9,Dido,ddufton48@salon.com,JM,28-5-2024,
c7e561e9-7eec-434d-b85b-b10a84483459,Nichol,nneagle49@netlog.com,ID,10-1-2025,
f7cb6c91-8151-4236-882f-421946c8ba50,Kory,kfry4a@reddit.com,ID,6-4-2021,
1dfbcdff-2cb5-40a8-ad32-3fe4c228661c,Trudy,tyarnton4b@tripod.com,MX,28-10-2025,
d93edb3f-10aa-4160-a752-7af64b60479d,Brinna,bcohane4c@sogou.com,ID,12-7-2021,
3cfb2c47-81d5-4a73-8183-c6e0d0f74ced,Durant,dcarnihan4d@histats.com,PE,28-5-2023,
b622b833-8aaf-41db-95dd-82bfa584de56,Barron,bdagnall4e@ehow.com,CN,8-8-2020,
148b8484-21f1-44db-bedc-1ff35887427a,Catrina,cjosefowicz4f@usgs.gov,PL,25-6-2025,
276e6bf6-02ed-461a-b545-7ee671977867,Allen,abotham4g@goodreads.com,BR,13-6-2023,
0472ec19-b10b-4943-8a27-f9cd18437afc,Janelle,jtalmadge4h@facebook.com,GE,7-3-2025,
5fc030e3-8b1a-42a1-8569-bce21740aad0,Milton,mbaroch4i@ucoz.ru,ID,10-3-2020,
ea9b6c96-961f-4bbc-9e29-4c1452c625e8,Lory,lsneesby4j@altervista.org,RU,5-3-2020,
6dbea450-484e-4260-9081-80a7089ae1a7,Jill,jhartman4k@reuters.com,PE,6-12-2020,
90674420-cb80-4869-9e03-4a1b32068d62,Demetris,dnewark4l@photobucket.com,UA,3-5-2025,
a1ad6a31-c679-4fd9-aacf-e574a5b7c628,Car,cgeorgievski4m@geocities.com,AM,21-7-2020,
bdb00596-65fd-4124-b77c-6dba70704da2,Carce,cibbott4n@globo.com,FR,13-9-2022,
8ac90386-19b9-494e-a74e-b0e4a099efc4,Arlen,areinard4o@domainmarket.com,NI,13-1-2026,
f090c1d3-f419-4f74-b611-f435d08196c3,Peter,pphette4p@discuz.net,CO,11-1-2021,
b9539891-4ea8-4a97-84e5-6aa435008e41,Franciskus,felliker4q@who.int,AL,29-11-2022,
3432732b-54f2-4261-aadf-8bfd7fa4264b,Pavla,pmaton4r@vk.com,ID,31-7-2024,
3432732b-54f2-4261-aadf-8bfd7fa4264b,Pavla,pmaton4r@vk.com,ID,31-7-2024,
095a5ffd-075f-453d-8211-ebd490db6c00,Harlie,hgomar4s@shutterfly.com,GW,18-8-2022,
ad00d799-845b-4c0c-a7a5-68fdc0dd4e4d,Othilia,olilbourne4t@umich.edu,ID,26-11-2020,
ed1b914f-4e34-4e54-ba88-fa2af175e5b3,Dulcia,dscini4u@webnode.com,PK,19-8-2020,
b4ae1b47-30f3-409e-8647-65e27a800b46,Saudra,schilcotte4v@quantcast.com,ZA,13-9-2024,
b4ae1b47-30f3-409e-8647-65e27a800b46,Saudra,schilcotte4v@quantcast.com,ZA,13-9-2024,
8ee937cc-103b-4835-b60a-88bb2a85d1b8,Hermie,hsichardt4w@loc.gov,YE,15-5-2022,
6e3f568f-1768-4012-852e-e20320a10e0b,Ali,atrynor4x@comcast.net,ID,12-5-2023,
37ca4d83-975e-42f5-89d0-3b831dc25a9f,Alvis,adracksford4y@go.com,NG,15-11-2025,
e9e01636-e766-48bd-8c5c-975ff0068681,Dosi,dpryor4z@seattletimes.com,VN,11-11-2024,
20b4426e-537e-4ab2-be5f-fdb16d8e76c8,Lynnette,lsheerin50@businessinsider.com,PL,12-4-2022,
24f5c804-cd61-479f-b20a-844eadda1104,Marlow,mkevern51@uiuc.edu,RU,31-1-2022,
b6f3555c-26be-4b54-bae2-0bb273d82bb9,Wilie,wdoulton52@smh.com.au,CN,19-6-2021,
a49702aa-0096-4215-925c-e3bcc8053e93,Gardiner,gmccambrois53@wikipedia.org,SE,25-1-2024,
c1ba6dc2-b731-49eb-ab66-a17b18b4eba8,Tallulah,tparlott54@hao123.com,TH,31-12-2021,
639b206a-a05e-4887-a22b-adf10cb96c52,Korry,kkohn55@tinypic.com,PT,21-3-2023,
b1179498-1a3c-4b91-893d-3738c48f67ed,Tiffie,tgierardi56@1und1.de,YT,27-12-2025,
de2305ab-5eff-470c-9d87-761ca820c76e,Inez,imatysiak57@pcworld.com,MG,17-5-2023,
40fe5431-c7ba-4bfc-a471-c2415f9dc6e1,Selie,singleston58@ucla.edu,FR,21-5-2025,
67349b60-776b-4a86-8c45-71271952f726,Hewitt,hlepine59@nifty.com,BR,18-6-2025,
60c593c3-57b1-454d-9b40-c73ce380ee23,Felita,fkilbane5a@comsenz.com,CN,23-1-2026,
867447cc-8c07-44f7-beaf-be04278b856e,Sibbie,sbeadel5b@people.com.cn,PH,15-1-2021,
9070b515-cb50-44c7-a2c6-973fc862161f,Fields,fkineton5c@blinklist.com,NP,12-7-2022,
10680963-b9cb-457b-9382-dba503cd1732,Sybil,sbuxam5d@fotki.com,FR,30-5-2021,
ee410778-705c-41af-96bc-c8f350457b81,Marylee,mgrenter5e@hud.gov,SV,17-1-2026,
d988f472-1464-4486-ab58-6ddc62d8c57c,Keenan,kboyton5f@wordpress.com,CN,30-12-2025,
de3fa66b-a835-4506-a31f-e0e21ee6c2b5,Kristen,kcrisford5g@com.com,ID,17-12-2021,
1415e954-da60-4172-a85d-4821bf78756e,Courtnay,cfassan5h@imgur.com,LV,27-1-2023,
075b5bd8-bdbb-45ff-acf3-26f8766da345,Silva,syakovlev5i@cloudflare.com,JP,15-1-2023,
972c0721-0bc4-4002-90ea-8b28800a1ceb,Paddie,preeks5j@irs.gov,MA,19-8-2025,
b7c26277-4448-499b-b0bb-92b819b4f7c0,Loretta,lbes5k@issuu.com,CN,3-8-2021,
0fdd9291-c9ef-4742-9ff7-085446d10cda,Fonzie,fbuncombe5l@google.com.hk,UA,28-5-2022,
3ac2edd1-be12-4a12-82b0-629b8e7da22d,Myrtice,mmcclaughlin5m@dell.com,UA,9-7-2023,
52ea6134-e724-4c71-8049-4257d3eb485f,Rory,rabbotson5n@tripod.com,CN,9-12-2024,
93451d7f-de69-4220-855f-58e313beea45,Fredi,fbooij5o@prlog.org,ID,11-1-2025,
1ba0ddac-0cc2-4d40-80a9-3bf201c8bf74,Franz,flacroce5p@cyberchimps.com,PL,1-11-2020,
9bc7cd39-ac55-42a8-a70e-d86fb6f609e0,Mathew,mecclestone5q@jimdo.com,RU,4-9-2022,
654d00a7-20f9-48e0-a381-6d7c7e5f4b1e,Rudyard,rpoynton5r@dailymail.co.uk,ID,6-2-2023,
b3ace39b-bd23-47ed-9e6a-d0b5cffb82bc,Kasey,kmckue5s@ebay.com,TJ,22-6-2022,
40537ba0-cf2e-4d36-a516-98f72eb00fe5,Tammie,tdepka5t@si.edu,CN,17-4-2025,
6583cc1d-4a0e-43b8-95ca-47f447bebc3a,Sibylla,shawarden5u@vk.com,ZA,29-3-2023,
3b5cc1d3-0338-41cb-a091-d7c2f32bca16,Marta,myeldon5v@wikia.com,PH,4-10-2020,
5cd848a5-72ad-4233-8be3-6df2076303c1,Roxi,rteasey5w@multiply.com,RU,15-7-2020,
fb8e7855-e956-4362-86b7-73ca56834dd9,Erna,ekanwell5x@oaic.gov.au,BG,19-6-2025,
96a56d7c-5d64-4357-9b9c-e48f75539f7b,Celle,cschrieves5y@soup.io,IE,6-7-2020,
54eac12c-b3d4-4bb9-b6d5-0101a4b4d601,Ranique,rhandrek5z@princeton.edu,CN,27-10-2022,
8bcd5ed3-0e3d-4297-a73f-87510d1783d6,Tanner,tvallantine60@pinterest.com,FR,9-8-2020,
5571fb4b-df81-4f09-a5d3-32965b5bf9a7,Valaree,vivanyukov61@blogs.com,AL,15-11-2021,
02b3f8e2-9d72-45cb-ac15-6060fe84b6e3,Alasteir,acartmill62@woothemes.com,CN,27-5-2024,
9986482f-34d5-411c-9815-ecfca0e4d74a,Micki,mantoinet63@360.cn,PL,29-3-2022,
07b8f3e3-e252-44b4-a6c2-603aba7e3678,Ari,arosenbush64@yahoo.com,CN,14-5-2020,
b09d6e52-b661-4a6a-bc1e-941cbb98156c,Lucien,ljosephy65@nydailynews.com,FR,27-6-2020,
6756ece7-e314-4d2c-960e-41709dcba161,Alyson,aankers66@bloglines.com,CN,13-10-2022,
4bb08357-6c7b-4171-9246-715bf4c514d4,Germaine,gcoote67@yelp.com,BR,20-12-2022,
563ce70d-a41f-47bc-8f54-8791a32f3fdb,Suzann,srichen68@ebay.com,AL,13-12-2024,
39aec944-7b53-43bc-aabe-e03d316cfd31,Lorrin,lmiddlemass69@nydailynews.com,ID,27-6-2020,
22bd3077-fca7-49c4-a123-1a9eca4de7f9,Humphrey,hclayfield6a@goo.ne.jp,MX,13-7-2024,
a635bdd8-1de9-4fe7-9a54-83ae8fac0822,Ryan,rdurban6b@qq.com,CN,4-8-2022,
997779d3-453d-4786-9bd3-fd458d834186,Dulcie,dfevers6c@stanford.edu,MN,30-8-2022,
d1f35a85-b249-4ce4-84f9-0c9903bb6fed,Candi,cmckmurrie6d@google.ru,ID,24-6-2021,
06917c0b-c2cf-4e2e-8824-94b424418267,Teresina,tdisley7e@google.ru,BR,28-1-2022,
f266544e-33ad-43e6-ac74-c9e6feb5e135,Ariel,amctear6f@disqus.com,PT,14-12-2023,
cbb97644-9cd7-4718-9b82-829eb2fd239e,Carine,cbraganza6g@businessweek.com,IQ,27-6-2023,
d5214db4-31a7-420a-992e-146f61cf4e1b,Leila,ltemperton6h@google.cn,AF,26-9-2021,
2a9aa77e-13b0-483f-bb90-a5f569266cfd,Terry,tmungan6i@quantcast.com,ID,8-1-2023,
d3afdf1a-3095-41a1-ac24-3fe84d0271a8,Davin,dscotchforth6j@wp.com,PH,25-2-2026,
abee5ad6-42ba-4864-b7b0-834dc20b41a5,Augustine,aschoffler6k@phoca.cz,CN,18-1-2021,
c6db0cf1-4ec9-4318-b988-015b207a7aeb,Thornton,tpoulett7l@msn.com,MN,15-8-2025,
b8c46580-f01d-4e81-9105-8fea8e2d280b,Lynn,lscholfield6m@miitbeian.gov.cn,SE,21-12-2023,
dd80b363-a6e1-4576-8feb-1a99d1ae8a8c,Manon,mgiraudat6n@fastcompany.com,FI,19-1-2023,
2d26c4d2-3ff5-49b2-8a2a-505cc58c6c58,Nerty,nlechelle6o@histats.com,PE,1-10-2022,
785583f4-13de-4680-8fad-27bf452daaad,Aldin,apandey6p@narod.ru,ID,4-10-2025,
a9d2173c-3077-4676-9157-608814370357,Wilmar,wdowyer6q@pen.io,ID,20-6-2021,
f17cb51e-8b7b-4e79-863a-a225a58c86a6,Robyn,reverard6r@skyrock.com,HR,30-4-2022,
c8b4e3b1-4d11-4e71-ba87-ef19e0aadac5,Caro,csnadden6s@issuu.com,ID,6-1-2024,
945e34a7-69c8-49e3-b7aa-49ff45893096,Inga,istaniford6t@technorati.com,CN,12-4-2023,
,Jarad,jreimer6u@imageshack.us,JP,6-12-2021,
1110a32f-ffb9-4617-aba9-b703c9ea6227,Vikki,vronald6v@ed.gov,GB,25-4-2025,
7ead2b18-4d63-4115-9801-114c7cb2ba52,Natalee,npollastro6w@goodreads.com,PH,5-2-2023,
51d9def5-b77a-4508-9760-1d87aae514b4,Lanie,llarvor6x@deviantart.com,BW,19-6-2022,
64a5bc2f-a4a8-447c-bcfc-60c1ea47daa6,Hasheem,hpeele6y@shutterfly.com,CZ,1-11-2021,
1d38b782-a6f9-471c-90dc-b6a341f83d07,Erastus,ehumbie6z@purevolume.com,PH,26-1-2026,
adcc81ee-d925-44ed-82aa-3fb940186114,Tabby,tkingzeth70@army.mil,BR,10-7-2020,
f107687e-92eb-4d5f-8725-cbf33014bd64,Silvia,slippard71@parallels.com,RU,19-3-2025,
f8b9d8e3-3b9b-4ab2-ae12-14dbe5a14d72,Annora,akrugmann72@jalbum.net,GQ,29-5-2020,
939cd9c6-6465-4cf1-ac29-0e83f77f67c4,Leanna,llonsbrough73@kickstarter.com,CN,24-12-2023,
6a68cc07-f025-4e28-8626-9342eb741f11,Abe,apenni74@earthlink.net,CN,22-11-2024,
058b9aaa-93c2-4889-8e2a-01d141c2af3e,Nickey,nbassill75@blogger.com,PH,7-9-2020,
0c8c0602-db38-4c2a-b06f-442dc3065493,Sofie,smylechreest76@auda.org.au,CN,29-8-2022,
f94a92af-6662-415e-ae45-fd62e8c1abe1,Estelle,esterrick77@fema.gov,PE,21-12-2021,
1b25d6c1-de98-422f-bfdf-af3469a996c4,Lauri,lmacilhagga78@cnbc.com,SE,7-2-2024,
0ba8b260-14b7-4d48-b051-72261f489b90,Micah,mclare79@taobao.com,CZ,27-12-2021,
6e8c0a34-fa2d-4acb-83ab-00fd5435677a,Herculie,hfolomin7a@businessweek.com,SE,20-3-2022,
f6e16464-dd5a-4755-8131-0709e1be703d,Lenora,ldoe7b@sourceforge.net,SE,29-3-2022,
46194c30-da3f-4cfb-b765-75626b76d6f4,Krystle,ksimmank7c@tmall.com,CN,26-12-2024,
92503593-9459-4923-8ee9-f19512588ac1,Shay,scroall7d@buzzfeed.com,PT,27-3-2022,
92503593-9459-4923-8ee9-f19512588ac1,Shay,scroall7d@buzzfeed.com,PT,27-3-2022,
94e6ea9d-a284-496e-9003-6fbfaed9daed,Domenic,dbremmer7e@nba.com,PL,5-3-2020,
,Kippie,kdockree7f@deviantart.com,CN,4-2-2022,
3846f388-fcec-4dc6-ae83-a7f966850304,Avis,adudding7g@oaic.gov.au,ID,23-4-2025,
0c0963d3-8dd1-4097-883e-ffc783481ad7,Dore,draubheim7h@google.com,ID,14-4-2022,
70fc5842-89c7-4ab6-b2d5-d5aeea959659,Rani,rcarine7i@army.mil,CZ,30-5-2025,
8307f761-11e8-4546-b61d-c3595937b91c,Mohandas,mdumbrill7j@dedecms.com,PH,7-6-2022,
c4701cfa-36f4-4c3c-baf3-852528b8593f,Holly,hfelderer7k@bizjournals.com,PH,20-8-2023,
46886a14-13c2-4f34-84a5-8652af8257b9,Harbert,hvidyapin7l@prlog.org,NL,29-3-2025,
a635f073-40a6-4201-a9e0-06dd8ef4b436,Hubey,hbreit7m@aboutads.info,IR,6-8-2025,
731bccec-7808-4039-8123-7b875fbc160c,Karel,khasell7n@gravatar.com,PH,10-7-2022,
96251383-528c-4f60-9925-3bff2f761e8c,Otto,omoneypenny7o@diigo.com,TH,6-10-2022,
80ef3727-7c94-4260-a380-828730b4017f,Teresa,tgoodsir7p@dyndns.org,CN,21-3-2023,
75ce28f6-6d3b-44cb-8966-ad3affe8231b,Mendie,mchafer7q@google.pl,CN,26-3-2021,
75ce28f6-6d3b-44cb-8966-ad3affe8231b,Mendie,mchafer7q@google.pl,CN,26-3-2021,
,Jorie,jhymer7r@mediafire.com,CN,22-9-2023,
f5a10ba5-4c8d-4aab-98ec-e33f2d5bf892,Grant,gocannovane7s@mashable.com,RU,10-3-2021,
033384cb-a96e-43e4-8c88-91b2a420fdc5,Teador,tforten7u@bizjournals.com,ZA,9-2-2025,
1154aa40-c22d-4323-b507-4af4fe3d16f9,Elna,etatum7v@wufoo.com,CN,10-4-2022,
d473d65e-5b68-41fb-96cc-81affb0c948d,Gertrudis,gfreckingham7w@chicagotribune.com,TD,14-8-2025,
fd787c53-9b2c-4e09-b8c5-bed4338d02de,Debera,dharme7x@ask.com,JM,5-2-2025,
f3ca0775-c9c8-4e3b-b776-94f7102ee05d,Lurette,lgooly7z@java.com,TH,29-1-2023,
6d3a42e8-173e-4f17-92da-aad94de0c83c,Philippe,phartfield80@wix.com,BR,27-4-2025,
9e5fb511-688d-4d75-80c8-13c0a1c68330,Reed,rmoodie81@acquirethisname.com,ID,28-7-2023,
bad9b169-3241-4f08-a6fa-8bbe5a83bdd8,Washington,wbowmer82@tinyurl.com,PE,17-1-2022,
6b78383a-8c8c-443d-aac0-3ed64f6cce3b,Adorne,acosgriff83@usda.gov,SE,19-6-2021,
6c7f7145-2e17-4f79-a19c-61ecbd2c1bdd,Stefania,sclifford84@nymag.com,FR,11-6-2022,
,Hartwell,hleadston85@wired.com,CN,17-12-2020,
b170d4c1-ae7a-4b21-8106-4fa2396d2819,Mile,mbamell86@earthlink.net,US,4-8-2022,
0c66fbda-bfd0-4df9-b82a-ed5d64d0d8da,Jany,jgreste87@mtv.com,CN,10-7-2024,
24c28f3d-e859-497f-9b90-1e90dfa4558e,Mil,mkelleway88@webs.com,US,16-9-2020,
ae6ecafc-6a8e-43af-a15d-492dfcfbfbea,Howey,hfidoe89@booking.com,CN,11-3-2025,
fef3f499-d55e-4842-b7cf-5a577c119473,Morry,mcicullo8a@technorati.com,TG,17-12-2023,
1704eca2-efb5-4f35-91cf-c5a11a01973f,Averill,ayurenin8b@123-reg.co.uk,PT,4-5-2024,
c9915369-3786-4321-8845-4ce84b271c5c,Dorolice,dkagan8c@symantec.com,US,18-7-2024,
2847ca0b-864a-4ba9-9e96-8c6e27ccdbe1,Kile,krolfi8d@webs.com,ID,15-11-2020,
075b8d84-c7c8-4558-b405-04a04f255289,Rutger,rsimondson8e@walmart.com,PE,18-9-2020,
075b8d84-c7c8-4558-b405-04a04f255289,Rutger,rsimondson8e@walmart.com,PE,18-9-2020,
64069376-1def-4c56-add0-9f14ed654bcf,Robbin,rpipkin8f@accuweather.com,PL,18-11-2025,
e079c6bf-cfdc-47a7-bd78-3c8b10caa03b,Darice,dzarfai8g@foxnews.com,CO,8-10-2023,
05ba8aad-9d9d-4a81-98c5-e681dcd4ad00,Laird,lbusch8h@microsoft.com,ID,15-1-2023,
2da02585-c93e-4660-b5f6-4999141baeb1,Steffi,spell8i@livejournal.com,CI,7-10-2022,
acf94c04-1097-478d-aac2-2eb248214266,Enid,elaflin8j@theglobeandmail.com,CN,12-3-2020,
,Janis,jgulk8k@wikia.com,PT,29-11-2024,
7215f606-983c-454c-ac75-6cc83ca23ae2,Lida,lforstall8l@ning.com,HN,28-3-2022,
35198f6d-4fa8-4ddf-a7bd-79083f594f6a,Amil,ajoppich8m@yahoo.co.jp,CN,16-5-2020,
3dea5f8f-7e6e-496c-8f18-d7da0060487e,Jermaine,jbartoszewicz8n@lycos.com,US,6-12-2025,
e68515af-0bcc-4177-bdf7-6549069d900a,Mathilde,mchamberlin8o@blog.com,NZ,18-8-2024,
6e181cd9-fc9f-432a-ad97-005b00cf8347,Ilse,ikain8p@deliciousdays.com,IR,19-11-2021,
6e181cd9-fc9f-432a-ad97-005b00cf8347,Ilse,ikain8p@deliciousdays.com,IR,19-11-2021,
edfbbe02-fdb1-45a6-9ae3-35fb120deb3f,Trisha,tdonativo8q@symantec.com,PL,7-3-2024,
82535b5c-22ee-4a66-8dbe-c7adea73fd17,Juli,jfruish8r@t-online.de,PS,22-5-2022,
d98cc9db-e0c4-44c6-9f1c-8c393455fa78,Marita,mpigne8s@ucoz.ru,VN,8-2-2021,
fb8c6b34-91e8-46c9-8ac6-57be0d18ba1a,Jobina,jrickeard8t@craigslist.org,ID,16-6-2020,
52517e6c-63f9-4095-a615-b2c7b5917a34,Kerrill,kparkhouse8u@sfgate.com,CN,10-7-2025,
4d9eea63-605e-4179-bce7-42a18c71bb71,Ardys,abroxup9v@indiatimes.com,CO,29-8-2025,
0a503d99-deee-4676-8851-3cd5bff9a751,Willabella,whandford8w@mac.com,PT,8-7-2022,
ade9d4ba-776a-43a6-800e-8208ba41ad64,Desirae,dblumsom8x@comsenz.com,CN,9-7-2021,
,Cirstoforo,csaladino8y@epa.gov,CN,11-5-2020,
c2e51362-68fd-42d3-9c8e-18edf99d6f13,Frannie,fdambrosi8z@goodreads.com,CN,16-3-2023,
cbeaba96-c703-4b47-b603-87c30989412a,Costa,cgeorg90@cnbc.com,CN,12-5-2020,
105e91ac-f3eb-44c3-933b-ec62c0902689,Scott,sbath91@trellian.com,ET,16-8-2025,
5326b6e5-545f-43b5-ba0a-be69090955ec,Terrence,tfaloon92@theatlantic.com,CN,31-10-2021,
30f23e55-d42e-476e-9a35-8c75bb52108e,Kirstin,kdurrad93@shareasale.com,CZ,17-11-2021,
01181eab-efd7-4d46-a2ab-e6352486de15,Hanni,hiwanowski94@t.co,TJ,12-1-2021,
b2a0530b-85d5-4fce-95b7-090d00297343,Rosabel,ravramchik95@wufoo.com,FR,14-11-2021,
1233c805-1f5a-42a3-8742-2920d601de0b,Chevy,cketchaside96@microsoft.com,BR,30-8-2022,
2bd1b059-09be-4058-9d3d-7274bda50a8a,Irene,imcgonagle97@technorati.com,BY,10-9-2025,
787d6795-3738-42fe-92a2-651f1d708990,Trescha,tkyme98@narod.ru,AR,4-7-2024,
e8cd93f2-200f-46e9-813b-58bca76cf940,Daren,dellingworth99@dmoz.org,UA,22-2-2022,
53fa2705-3475-448e-a84c-a9dccce50d49,Jack,jmcaughtry9a@nbcnews.com,PL,27-3-2021,
3ef7d0cf-8bc7-47f2-a469-f91b2a6af757,Kelley,ktheodore9b@sun.com,CN,22-4-2023,
6128d42f-c5f5-4030-b6cc-6eb455537da8,Garald,gflori9c@nymag.com,TH,2-12-2022,
e0003f52-98b9-4839-824a-a2809fb94b81,Cissy,cbrimilcome9d@census.gov,GT,29-4-2025,
0ca5e383-e2cb-4ce7-b82e-1c0b2a1f52e0,Georges,gdreye9e@goo.ne.jp,US,12-5-2024,
58fccbbc-e253-4ef9-a1de-3a0de11ba4b8,Nada,nseivwright9f@engadget.com,CA,6-11-2023,
723d7d6e-037c-440b-a1e4-11e5bec61334,Ellen,eaven9g@businessinsider.com,SA,1-3-2021,
32552ed8-797f-476d-ad96-800fb934e60c,Alejandro,aguppie9h@creativecommons.org,KH,24-1-2025,
4f7762ab-aac5-49fb-9345-c58b9dd3bbe2,Ginnie,gemblin9i@smh.com.au,MD,20-2-2026,
021fefb0-f017-40d9-be24-afc897c17231,Myrwyn,msangwin9j@printfriendly.com,UA,1-6-2021,
171034ea-f71b-48be-9885-1f76a58f68ec,Krystal,kmetzel9k@creativecommons.org,UA,11-8-2025,
0b7dd1e3-0cf3-46ff-b28f-a6bc75276b36,Isidoro,iyesinov9l@accuweather.com,VE,19-7-2021,
6dda259d-f0fb-4aa0-baec-a43d0112e94b,Patrizia,pberringer9m@unicef.org,FR,17-3-2020,
4ca9e4ec-2ec6-40a2-9a07-2ff75b99311d,Esmeralda,eezzell9n@sourceforge.net,MX,10-5-2023,
07d50bdf-802f-4241-b36e-ba36a2eaf36e,Marie-jeanne,mgiffaut9o@ycombinator.com,PH,2-7-2020,
0a5b4f04-a95c-4bd3-80b9-8684c372c84b,Gerhardt,gmcgrey9p@hubpages.com,LK,27-10-2025,
4d2e0918-40b5-4262-ad09-59831ba8806f,Candie,cilott9q@google.nl,PH,7-12-2022,
2196fef9-6f65-409d-a318-cb011343c66a,Stormie,swinscum9r@dion.ne.jp,KZ,6-9-2020,
57cf6f72-385c-477c-8a9d-6454a237d780,Rebecka,rcarmel9s@ameblo.jp,PK,30-5-2025,
fc39ec55-ca2a-4971-b770-c0de3997692f,Lezlie,lsamter9t@123-reg.co.uk,CN,27-11-2022,
5c3cfa77-b152-4749-9572-568cf093f5d8,Lee,lhauger9u@forbes.com,NG,8-6-2020,
442e1031-8415-44e2-a67c-71c3e44333c1,Guillemette,gschimank9v@nytimes.com,AR,10-3-2025,
e422f698-9a3d-43bd-8034-79bae58a4529,Aleece,awoodrow9w@freewebs.com,ID,5-12-2024,
b52a7077-1f3e-408a-a624-c7009a627c64,Wilek,wmeighan9x@moonfruit.com,YE,7-5-2020,
58ff1574-9f5b-407c-ba55-baf652fc029f,Land,lburke9y@indiegogo.com,ID,23-10-2020,
7b03bcd5-835d-453e-9a63-9d764e378f3f,Denna,dflemming9z@tripadvisor.com,PH,13-8-2023,
fb9bb523-f494-4708-8ce7-65e206c4472d,Griz,gjacmarda0@kickstarter.com,CN,24-7-2025,
8b729fcb-d6bc-4e6e-8313-463d8a0d2c18,Evey,egeartya1@wp.com,ID,10-9-2020,
4773a02f-8b7a-4cf6-a4a8-e20b4c811b78,Melicent,mapplea2@scientificamerican.com,CZ,29-10-2024,
66adc48b-bebd-4019-995b-6c6393656001,Emyle,eruddicka3@example.com,SE,4-3-2022,
24dcfd8a-7d0b-4d70-a7ed-8a0c913dbec4,Lou,laynolda4@sciencedaily.com,CN,25-8-2020,
b26afd97-3554-4c86-b61c-666dd947dcfe,Gusty,gboltona5@tumblr.com,CN,24-3-2021,
4efe459e-06a3-4a61-9c8d-4bb5be77533c,Tyne,triddetta6@deliciousdays.com,CN,20-12-2020,
cce01886-79da-4b6a-a990-fcda08786978,Alexio,atreanora7@usatoday.com,ID,28-11-2025,
ab780323-27d6-4ce2-840f-757385a20320,Katharina,kdaousta8@kickstarter.com,TH,4-10-2021,
0d8fae3a-2777-4fee-845b-66f59ab72c0d,Raquel,rcrowtha9@yolasite.com,LA,13-9-2021,
8d3bcef1-4986-4876-bf4d-87fae4c9f06c,Leonardo,lwaliszewskiab@tinyurl.com,ID,23-4-2022,
2f9b14d3-1a6e-4fd9-8f12-21f087bfbafa,Mendy,mfranzonelloac@tumblr.com,CZ,27-6-2022,
ab224fc6-1c5c-4e7e-9483-b3c4bf41c5f0,Maximilien,mstokellad@fc2.com,CZ,11-4-2025,
3f4bf56d-d0d8-419b-b2d4-9a9793852e93,Yelena,yleekae@360.cn,PH,22-10-2021,
81bd6e2e-d4a5-4161-9162-b14cbb20f793,Rosamond,rdryburghag@cdbaby.com,CN,9-1-2021,
a5f0f144-0a7e-43d2-8a0a-d85aaa5565fd,Amery,amacandreisah@slideshare.net,JP,16-2-2025,
02348689-0e2d-456b-9c4f-d01ac37cfab5,Mead,mgullefantai@unesco.org,AM,24-12-2021,
c538d4ac-16fb-485e-afb8-4a18ba114b7d,Ayn,aoswalak@imgur.com,ID,2-11-2020,
e5ed4901-62e7-45ef-badb-91141b1b7201,Waldo,wgabbottal@gravatar.com,ES,20-9-2022,
09b6488c-a829-4daa-ab36-ad4a723fa2c9,Theresita,tfaiersam@over-blog.com,CN,31-8-2021,
d6186a4c-597f-469d-8f93-bd9d149f611a,Marie-jeanne,mlaycockan@free.fr,RU,20-12-2020,
1feb2ec2-c8b2-4169-9cdc-fe6e36c8f1b5,Annabel,alygoeao@digg.com,CN,8-11-2024,
1feb2ec2-c8b2-4169-9cdc-fe6e36c8f1b5,Annabel,alygoeao@digg.com,CN,8-11-2024,
91d5e4c7-6829-4896-b319-e508f003f402,Harwilll,hcouttsap@nasa.gov,RU,19-10-2020,
5ff78eb0-3136-438f-88aa-983c93660860,Andras,agosenellaq@tripadvisor.com,CN,2-10-2024,
3b6b5f15-7440-4c6e-a418-8e0165301159,Jillana,jeydenar@forbes.com,CN,20-12-2024,
5ad7eb9b-8bfa-4251-9b0c-ab67b1970de1,Emmit,eskainsas@163.com,CN,23-11-2020,
44f4bd82-8602-486c-a243-f09382e37f03,Wang,wjexat@opera.com,AD,15-6-2025,
41a47ca3-b2eb-4a73-a629-c6d2c402d619,Enrica,emaneylawsau@ucsd.edu,FR,26-10-2025,
e76e9874-858b-4cfe-81de-920c745b6dce,Barbara,brobartav@wired.com,GN,15-10-2021,
97db05ae-6c31-46c1-82e5-56a944b92d65,Boone,bmulhollandaw@multiply.com,GT,10-2-2024,
fdc80fa9-35e0-4385-8c90-f60adb0514e8,Enrique,ebrambillax@desdev.cn,LK,14-11-2024,
06156f92-ef22-4589-a22b-d6b5158ecef5,Graig,gblaxlandeay@reuters.com,PH,25-1-2025,
1321e338-6a59-412c-be8b-5d5ba14972d8,Selma,spuckrinaz@ning.com,SE,4-11-2021,
3f9a1b4b-fc47-4f7f-9cf4-1331a4dcaa32,Hadrian,hscuddersb0@independent.co.uk,RU,30-11-2023,
56a92431-a4d6-4334-9677-ce0ccb210802,Lezlie,lbusherb1@adobe.com,TZ,9-11-2022,
d4a67175-1889-4930-8910-c7b0ae8a1e14,Meade,mfelipeb2@themeforest.net,TH,5-12-2025,
96c31021-0c50-4c9c-914e-e4121976ac02,Hendrika,hdelacourb3@fda.gov,UA,14-7-2024,
432cc283-6533-4d97-934b-59103d9a6c3f,Jennica,jberringtonb4@loc.gov,CN,6-12-2024,
fcc9b7c1-0509-4bbd-82bc-653193e48124,Kalli,kthalmannb5@tumblr.com,AF,25-3-2021,
5a495817-cdc6-475b-b328-706d7b4e0510,Tabb,tstephensb6@ow.ly,PL,13-9-2022,
494c3667-4324-454c-a251-db278134dd2c,Jim,jmoneyb7@taobao.com,RU,31-7-2021,
ca24e110-f34f-42e9-9947-c18efa912a8d,Valeria,vhousbeyb8@acquirethisname.com,ID,26-8-2021,
d56886bb-7ef8-4450-8979-ada8ff1f9b6a,Roxana,ralbrechtb9@fastcompany.com,PH,30-9-2020,
a64aad48-59d8-4868-b7d9-dfe08da51ef1,Ranna,rdewickeba@scientificamerican.com,CU,5-11-2024,
9e66058a-3cee-4e6b-a344-ad8f8587b4dc,Cammy,csummerillbb@topsy.com,AM,30-11-2020,
8b03f4fa-ab53-4420-939b-0c6f84bd3646,Win,wmcgraithbc@hhs.gov,PE,18-6-2025,
dbd33e80-5aee-4ac2-9dfb-af876c35e0ea,Giacinta,gpeatbd@dedecms.com,TH,27-7-2025,
ee1ede46-e72a-48f4-a670-3b3da1698d21,Clarice,cneamesbe@microsoft.com,SE,20-10-2022,
a89eb010-ded9-42a3-bb62-e1a6e8e779a9,Aile,astofflerbf@fema.gov,SE,23-3-2025,
921a3f92-a83f-4315-bb6e-d07c55b53e83,Hallsy,hloneybg@auda.org.au,KH,28-10-2025,
d6cfc977-129e-4816-96d6-569bf2ce2eec,Corrie,cgedlingbh@163.com,TH,21-10-2023,
ffc22139-43c9-471d-aca5-38b0a930b262,Margeaux,mocanavanbi@jimdo.com,PH,15-8-2020,
86761da0-ef1c-42ec-b559-20b825e579f4,Taite,ttraceybj@wikipedia.org,FR,1-4-2024,
0416a511-5cf4-4efe-bb3d-ccb043424a28,Georgi,gbuschbk@last.fm,CN,1-5-2024,
5f90e284-fc22-4faf-b2cf-3d35be59fe63,Minerva,mdenisovichbl@omniture.com,NG,29-9-2021,
425850fd-5f91-4c8f-8a7b-53d64e80cbfa,Mabelle,mhainebm@columbia.edu,ZM,6-10-2024,
fbe35188-18f4-4032-b02e-2ace8f9a2d06,Diego,dhinschbn@123-reg.co.uk,CN,13-11-2024,
0090188e-7496-41cc-b446-5404f1aa4a1b,Carl,cgreensmithbo@craigslist.org,CN,7-4-2024,
045192fa-4a5f-413d-8685-9169281886a8,Barb,bgoveybp@theguardian.com,BR,9-10-2025,
fb3ad36a-8f6b-4a17-b0ad-78e05fa80a51,Claire,ctaxbq@ow.ly,CO,15-7-2021,
fd4e20f5-24e1-4e13-9abc-de62aebc9a61,Ester,etoddbr@yolasite.com,FR,8-7-2025,
ac7ccbe0-1423-4424-84e8-0e1896e12d25,Hayden,hdowsonbs@umich.edu,CN,19-2-2025,
f32f7d29-b8f8-4bf3-97c2-2e54664f26e6,Madelle,mpouckbt@meetup.com,RU,4-4-2024,
95122def-936f-4c69-b86b-aecc2b5ec335,Lindsey,lmacquistbu@wired.com,CN,11-1-2021,
765a595e-958b-420f-86ea-670b665df82b,Karalee,khapsbv@reddit.com,PH,22-1-2026,
ee6189b1-1864-456f-9bb4-ee2385dc6f30,Jeramey,jlangdalebw@army.mil,PL,1-5-2021,
59248dc4-6c18-49f6-8d30-6bf8840e4048,Kiersten,kstonemanbx@icq.com,MN,24-11-2025,
324709b3-06ef-4ec8-9e4d-430d5863f5b7,Linzy,lproppersby@shinystat.com,PL,21-12-2024,
e48feb13-f6fb-4760-904b-9c55d48b216a,Elston,emcilennabz@ca.gov,TH,6-2-2022,
73b25514-526a-4414-91b6-6ded978e8276,Marylynne,mpenrosec0@naver.com,PT,23-2-2022,
e909394d-8dce-4fbc-9289-0a8d385b8a51,Cristin,csteelyc1@chicagotribune.com,ID,15-4-2024,
84b2b7d1-dbfc-4ef9-a6e9-f835caf47af7,Jules,jruslingec2@t.co,ID,13-4-2025,
755e8859-0ff7-45dc-a846-d385bbe44bd2,Kira,kpiperleyc3@yandex.ru,LT,3-4-2020,
e61cf950-cde8-42e9-a54f-825616b8b73c,Dianemarie,dderringtonc4@umn.edu,PE,2-8-2022,
063060df-9d49-495f-bc9d-de41d5d0301e,Mair,mmaddickc5@altervista.org,RU,31-7-2020,
36ab470a-7361-4185-8c2f-65336044d655,Lesya,lmenelawsc6@ycombinator.com,ID,8-7-2020,
874a6574-1538-4f36-aace-000962f9f90d,Coral,cpeppinc7@answers.com,MX,17-10-2020,
957936e3-f52f-4b7b-b7fb-f021e7419d6e,Nisse,ncanadinec8@salon.com,CN,22-7-2021,
fa0c900d-2386-4821-86d6-5ce4d9fb2732,Penrod,pedardsc9@comcast.net,PT,27-10-2024,
431347e5-b64e-4161-ac29-1b166fed737e,Devi,dmoensca@bbc.co.uk,SA,9-6-2020,
0dc0da0d-79c2-4d3e-aba0-68f18b645b6c,Marsha,mguivercb@upenn.edu,ID,25-11-2023,
a450420b-86e5-4d17-ac14-bc8e2aacb8d6,Stanley,spesekcc@hubpages.com,SI,5-6-2025,
f4c12e01-27c2-4f84-ab96-86e06c6df609,Sarine,scapstickcd@webmd.com,CN,12-4-2020,
3b50f63b-e3ad-4f51-873e-84fd8d36e004,Claus,cblackeslandce@msn.com,BR,18-3-2025,
8c137214-57c6-44be-b6e7-691328644887,Baryram,bbidewelcf@tamu.edu,LT,12-6-2024,
44cf7a37-2417-4877-8db7-d00556e1c427,Valaria,vcrossecg@latimes.com,LB,6-9-2020,
e6a51e4f-59ec-42d6-9900-be9549d53c04,Mathilda,msummerrellch@amazonaws.com,PH,1-11-2025,
5c251a0d-e445-4d42-9748-81fc2f2c6687,Cobbie,cklinckci@independent.co.uk,PT,21-8-2020,
56698640-eb18-436c-9d9d-829d246a4bec,Elle,emeescj@alexa.com,BR,16-8-2024,
b287798f-f213-4c4a-b977-48ac894d46d5,Stephen,sgelardick@freewebs.com,IE,6-11-2022,
9410922f-abd2-4c47-bf64-705240d3ffad,Quinn,qfarresscl@unblog.fr,MA,28-6-2020,
85c9f5fa-fbb8-45fa-beba-f22a9ec3b638,Sapphire,smariettecm@wired.com,CN,4-7-2023,
ded79068-c2a4-4086-b597-2a15cadba077,Henry,hstoakescn@prnewswire.com,SN,24-12-2023,
d17b85b3-f5bb-45ec-bded-c069cc2284e2,Rainer,rfuentesco@youtube.com,ET,28-5-2020,
1dd62a9e-1ac7-4a01-a389-2705fe6e416b,Clem,ctrevallioncp@bloglovin.com,GR,15-9-2021,
3254eaca-4320-4edb-a87f-8d3167c1032b,Leontyne,lsaladincq@clickbank.net,AR,3-9-2024,
7eaba68a-db6e-4dac-924e-c7a125faa0de,Hewe,hburrelcr@un.org,US,2-4-2020,
6a282bde-3f5f-4ca4-85df-5e2ceb0fd58c,Abran,ainniscs@istockphoto.com,SE,19-4-2021,
0f81b199-e639-4e43-90f5-54d546d2089b,Mary,mvaudct@cbsnews.com,CN,9-5-2023,
3e15ff1b-7d3b-41b8-b1b1-ec9fdb654db6,Olly,otauntoncu@github.com,ZA,26-12-2022,
ec46446d-abac-4b14-882a-d3d464b3b2f8,Ives,ilaughrencv@ning.com,BD,9-12-2021,
b4635525-fd38-4ce2-87bb-3332fc80d2ce,Lucian,losgodbycw@pinterest.com,MU,20-6-2020,
6d774678-73af-44da-b340-0d49c65afa30,Tracie,twillbournecx@soundcloud.com,MY,16-3-2022,
d4f18fcb-ba92-4bf5-ba98-b9d81a4bb68b,Davina,dheinschkecy@globo.com,CN,4-7-2021,
48c46bdc-6341-4015-a88b-829a74fe2651,Ashly,amankorcz@illinois.edu,ID,15-3-2020,
0f817bc9-a5e5-4f70-ae85-fc716586ab76,Madonna,mpentonyd0@reverbnation.com,CN,17-6-2025,
db067355-7f86-4faf-9949-a998b2823c28,Aylmer,aillingworthd1@smh.com.au,US,16-1-2024,
093ca62a-c17e-4e5d-9b70-3e8fb7e3afc2,Wilhelmina,wbaldungd2@ihg.com,CN,15-4-2020,
,Fawn,fmertond3@about.com,BY,17-6-2024,
2240cc36-68fa-4899-94f6-8ae46ccaee7d,Davina,dhallerd4@cloudflare.com,ID,12-1-2023,
d279467a-8ff6-4d3b-80ec-39d78eab409c,Andre,abrayd5@surveymonkey.com,CU,16-11-2022,
3925ace4-a577-4df5-bd08-3a220cc5903e,Letisha,lciottod6@soundcloud.com,ID,10-6-2023,
2d239355-c268-44f4-873b-e9726a69d678,Marsiella,msurgeonerd7@ovh.net,ID,16-3-2020,
eb50233d-2f4a-43b3-85c9-6e22d02f76a5,Wallas,wkarpychevd8@shinystat.com,BG,23-7-2022,
2c1f2b0f-22b8-478d-a0ab-68d5fd4c67e1,Stevy,smcmurthyd9@baidu.com,ID,13-7-2024,
ba139681-21d8-4e7f-9b4f-6c1e7208f88e,Vida,vpolycoteda@cargocollective.com,CZ,23-2-2026,
645879a6-313d-4be4-8890-7f040407614d,Renae,rblestdb@slate.com,PT,13-10-2023,
25ab388a-bd66-42c1-99d4-cdf4f61ce754,Melvyn,mswalweldc@dion.ne.jp,NL,5-11-2025,
e3032a99-a0e4-42a7-bffb-9cd2f03c8309,Greggory,gpownalldd@reference.com,PL,2-8-2024,
0abfdb4a-bc91-4dbe-a383-8375f435c1c1,Valentine,voldalede@mit.edu,ID,1-9-2022,
6d7076bd-391b-4c27-a86e-a1fb05542a38,Elyn,ecamplindf@wikimedia.org,CN,6-5-2023,
0a7de11f-ae9c-4854-8c83-81d8dc4f1e5f,Kristine,khugdg@nydailynews.com,PT,16-7-2021,
aae7f4a3-f52f-4b2c-b95a-0f97a3117c9b,Derrek,dkunzlerdh@google.com,CO,20-12-2021,
7940a041-f1ee-4dd1-a7c1-cbf98b5b9732,Carol,cfallanchedi@howstuffworks.com,PH,3-3-2023,
ece1cdb3-cdf2-42e6-a2ba-1c03d5c7a2c4,Selene,sthickindj@lycos.com,PH,30-1-2022,
,Damian,dlebangdk@soundcloud.com,CN,23-12-2022,
31adf1d3-0482-40b3-82dd-71cf1e6ff0ae,Kimberlyn,klemmondl@kickstarter.com,CN,30-1-2024,
a9f37e2b-ba68-4893-9038-b2ccf58730c1,Charisse,cgarrdm@163.com,FI,18-10-2023,
82b869bd-c5ae-42e4-98bb-8197bce744ce,Daisy,doramdn@webnode.com,CN,21-8-2021,
8b22bfbe-fbdd-496f-9933-af198a758963,Michaella,mdunkdo@fema.gov,PE,17-1-2025,
fc18ecc3-c80f-4c19-8b74-122a8cf3c9ea,Germaine,gtwinbrowdp@sohu.com,CN,10-10-2023,
065ba6ed-d35c-4461-b261-3c64990753c2,Cookie,csterrickdq@creativecommons.org,PH,4-10-2024,
b291d764-7764-413b-ac69-1928fc8295ab,Valerye,vsyrattdr@irs.gov,JP,24-7-2023,
2033400e-d2ed-4897-a3c8-c69be280cba6,Martica,mcolamds@storify.com,FR,1-5-2022,
7c06ad27-8c1a-4a83-bcc4-acf3e2d599b4,Fey,fedwardsondt@nbcnews.com,NP,21-6-2022,
13e36e89-f2ba-4d65-803b-bc191fd4692d,Camel,cbowsteaddu@bing.com,BR,28-5-2020,
ec8955eb-12f7-49be-93eb-9af389c9028b,Richart,rjolindv@netscape.com,BR,6-12-2025,
23a033b2-dba1-4397-b1ed-a786f9c6a06b,Sarita,sbalcombedw@friendfeed.com,MX,10-10-2022,
00c9ad45-ce29-4e87-9ad6-f2cb1bddab59,Bev,bmossopdx@ox.ac.uk,MR,24-8-2020,
4e6cd60f-98f6-436a-b8e3-b49a63c87e3e,Paquito,psidebottomdy@vimeo.com,CN,20-8-2023,
c39c7d20-9706-44e6-8e2c-ae6b2e7a230f,Allen,aaspinalldz@dot.gov,FR,11-12-2021,
156924c6-8869-45f7-bb9f-43f5d8e9f5a5,Babara,bkingswoode0@tmall.com,FR,21-10-2024,
7119e456-9798-44ef-9ce4-dfd8247a0a2b,Obidiah,osyrette1@zimbio.com,UA,14-10-2025,
442829ac-2ad6-4ddf-ab5b-669b702f5158,Audre,abatstonee2@goo.gl,PH,26-7-2025,
05f24fbb-566f-43e1-a1ba-1f35e60ea537,Moria,mmeldone3@cam.ac.uk,PH,6-11-2020,
,Carny,ckernane4@technorati.com,AR,19-12-2020,
a58a2a5f-46f1-4cde-bc5a-a6b4f8405d8f,Kevina,kminchere5@dailymotion.com,CZ,9-9-2025,
d2c7d770-e73b-4995-985b-5d6b7b5bd665,Alaric,agrinnikove6@google.nl,ID,21-7-2021,
6900cb00-f144-45e6-80cd-1603ec516e99,Marj,mcoughlane7@constantcontact.com,RU,15-5-2023,
bfa98171-06d1-40ca-b46c-7fbc0e9b9299,Amil,anassiee8@uol.com.br,TN,24-9-2023,
00f7f131-e82a-4ae5-ac3b-0940516ae33f,Abdul,agoninge9@gravatar.com,PT,24-5-2022,
e95ee1d3-83bd-49a9-b011-0ae7dabc30e6,Rhonda,rgraineea@sbwire.com,CO,5-1-2022,
,Tracie,tsiemonseb@sogou.com,DO,20-6-2020,
b45ce9be-6aa1-44c6-9c67-247dcf855c51,Burton,bderricoatec@wix.com,CN,14-2-2023,
5618b914-aaaf-473e-8273-fb49c2a677fa,Adorne,apouparded@bigcartel.com,IR,28-12-2021,
2cd93ca9-3974-435b-8e45-010b0f74c2bd,Leyla,ldumbareee@miibeian.gov.cn,NE,24-4-2025,
0f3a844e-0894-4098-a503-cedeac61d1c9,Erin,ebeardsef@joomla.org,AR,30-3-2021,
f6fbd10d-e01f-4561-9b76-7bc9acec0920,Annmarie,asenechelleg@technorati.com,RU,12-4-2024,
248172cf-cbc8-4918-a8ca-93ca591274f0,Belvia,bdoroteh@altervista.org,CN,23-10-2020,
f1e29d6d-bebf-4326-8c63-7aaa5689be82,Brit,bneadsei@cargocollective.com,CZ,24-7-2021,
199df895-262c-4557-8b80-44090c93e957,Annis,awrateej@angelfire.com,UZ,13-3-2020,
24b9153f-642a-4293-8765-1f9dd3ad7602,Darlleen,dkittmanek@slideshare.net,CN,7-9-2022,
fdcc3c2e-3c1a-43a3-8fb7-c7b829e50f49,Sheila,ssainerel@answers.com,ID,21-9-2024,
,Chantalle,csecretanem@sphinn.com,BR,3-3-2020,
655bdf18-b7da-400b-bf00-08493579e8a1,Appolonia,abessellen@salon.com,CN,17-10-2022,
7a1c00bc-52f8-4465-9215-a22f5bdb72fd,Renie,rkibbyeeo@npr.org,ES,8-3-2020,
dbfc31bc-4f74-4c1c-bfa3-196efb02056b,Neill,nravilusep@pbs.org,MX,24-4-2021,
66783619-baa2-43bd-b419-71e64f30755f,Sioux,sjohnkeeq@reuters.com,BR,12-12-2025,
1f2fbd72-9a90-4309-8b32-5fc1f071774f,Gaston,glisterer@php.net,CN,3-4-2023,
214d98bd-bc42-4773-bd07-051b03010468,Carlee,cstaytes@gravatar.com,ID,20-3-2024,
1d3c32c9-7748-4828-b293-f265c1ee4ff8,Natka,njanuaryet@rambler.ru,SE,25-11-2025,
432e2f46-b592-424c-952b-07da40450f4b,Ellis,egoldstraweu@utexas.edu,PT,1-8-2024,
f4b35376-4890-4ee3-9e5a-657733d82750,Camila,csheadev@tripod.com,PH,5-6-2022,
c31bd9f8-a28f-4fc3-8e2d-50b7805f6ebc,Marybelle,mroyew@amazon.de,UA,30-6-2025,
7a38a878-670c-420f-8e1f-393163644bab,Rey,rarchex@utexas.edu,NL,19-1-2024,
9faf9f56-47c7-4c53-b6fd-b39dece32449,Selby,sfavelleey@etsy.com,PL,9-5-2020,
e8a732bf-dedb-4bdf-aaa9-43a909f62459,Lauryn,lpadmoreez@nih.gov,ID,29-10-2023,
,Cherry,cgratlandf0@deviantart.com,JP,28-5-2020,
,Ricca,rrouself1@infoseek.co.jp,ID,16-5-2023,
4e454bfb-ade4-474b-bee6-214d1176a6a1,Timofei,tgierekf2@earthlink.net,NO,7-4-2025,
84d31cdf-dbc4-4511-b3b7-2c2eedf191c4,Angie,acastellinof3@gravatar.com,TZ,12-7-2021,
e37d72f1-ab77-46a5-b900-fb3a19b2241c,Christina,cramalhof4@ca.gov,MY,19-8-2024,
7617d3d1-aafa-4dd3-85e3-0ad05504a838,Katy,ktwintermanf5@rambler.ru,CN,14-2-2023,
19d0c260-972b-4aba-b8ae-4ac67ca58f38,Rollins,rmarcof6@earthlink.net,CO,26-2-2026,
ec950e54-09bf-4503-a959-53171d942307,Mahmoud,meastwoodf7@loc.gov,KE,2-5-2020,
7f368d20-3c68-49af-af79-815d8f9b5eaf,Mar,mmansonf8@networksolutions.com,GT,18-2-2026,
34a1af89-1979-432c-b1a5-7e91946f98ce,Midge,mkirtleyf9@princeton.edu,PL,21-1-2022,
ed7855c4-da52-4f1b-9910-a43233c77ed3,Agna,aabelevitzfa@nasa.gov,JP,13-11-2023,
7f2f6f2b-d141-4ec4-9296-2caaf9bc083c,Clarabelle,crivilisfb@xing.com,ID,6-9-2024,
559ab614-1cd4-4c4f-bdb9-9f67a5c368f9,Averill,aeickfc@virginia.edu,CN,26-10-2021,
1842c251-feca-47da-a346-37b9c3e701ad,Renaud,rmuirheadfd@soup.io,BY,1-10-2020,
da1ca90b-6636-4ebf-87f5-a9d8445b95f0,Malvin,mmanachfe@multiply.com,CN,30-9-2024,
,Hanni,hraineyff@mysql.com,SD,7-12-2023,
147b8eaf-f119-49d1-9e5b-e483cb420df5,Howey,hrickisfg@microsoft.com,BR,25-3-2021,
087dbb3e-6b8a-4248-9f08-61a8666a4175,Sharity,sshelveyfh@ucla.edu,CZ,16-8-2020,
0fa40c04-ee46-4075-b976-e059397022fb,Torie,tgrangierfi@google.com,CZ,29-1-2022,
187e97d1-e483-4a65-bf0c-8f742493c798,Siffre,sdoneganfj@cloudflare.com,PL,29-3-2025,
cabd6c05-b07f-4916-a075-28f81f77ce38,Benedicta,brushefk@stumbleupon.com,ID,20-11-2025,
41cbc4cf-2a0c-4f39-8bc5-4b62bccb0f22,Bran,bfuryfl@meetup.com,BR,9-9-2021,
b60219db-b6bf-4855-8dde-a7725f30264d,Crystie,csapautonfm@businessinsider.com,PH,5-11-2023,
,Alec,acleynmanfn@jugem.jp,ID,23-7-2023,
e96c2847-f767-45a5-9077-c26a5f52f999,Anne,aroxburchfo@tripadvisor.com,CN,13-12-2021,
d09692a9-3512-4c7c-8876-796072daec3f,Chiquia,civanishevfp@rambler.ru,ID,25-7-2020,
,Melodee,mcleveleyfq@house.gov,PH,13-3-2025,
702f9d0f-c9e1-42c0-b5ae-4959f5d04bbf,Hedda,hcleeffr@slashdot.org,PH,31-12-2022,
352dacb2-491e-4508-b4e8-fb6e5f0450ea,Breena,bpoulettfs@yahoo.co.jp,FR,11-3-2020,
831f0083-19f3-46b4-a60d-6f609d507544,Thornie,tgoundryft@wired.com,TH,23-2-2023,
649ff1ba-c003-4351-8294-580145d933c1,Kathlin,kwilderfu@pinterest.com,PE,5-3-2021,
95d8064d-e931-4cc7-9706-8a247d20eca7,Jorge,jduckerinfv@eepurl.com,ID,23-12-2022,
a989569e-a6a7-4a06-81cd-e268e413cdac,Burnaby,bdeyfw@soup.io,UA,29-3-2024,
aab0fb2e-8cc9-4d27-af4f-e50c04928c88,Eimile,eroomefx@unblog.fr,CN,2-9-2020,
82bb6a8b-04fc-425b-922e-7a73c05f6f9b,Winston,whawickfy@gizmodo.com,CN,30-11-2022,
51c1b86e-84af-452a-9b60-6e733a333d37,Gerek,gsummersettfz@friendfeed.com,PS,18-4-2024,
6cf7a09e-ce67-42be-a83b-2a455a503910,Godfry,glavrinovg0@cnet.com,ID,5-11-2023,
c6b4efaf-10e7-4fd7-9e07-474f9b5323b4,Lida,lseawardg1@wired.com,ZA,30-4-2021,
d1188426-5cb0-46bc-aaf2-1b867296c2c7,Gregoor,gtackettg2@go.com,CN,14-10-2022,
3a7e6f8d-4d2d-46f0-9b2b-b5f7774474ed,Blinni,bgribbing3@mit.edu,NG,28-7-2024,
5fe99678-022d-4121-bd71-701e5a78d761,Doreen,dhanafordg4@wikimedia.org,PL,16-4-2025,
12b3e619-b0d9-4fe8-9b46-686e4fdd0e30,Marthe,mkeemerg5@marriott.com,CN,22-6-2025,
59ba84c4-6a70-46bb-b2dc-aefb6cfafbaf,Tasha,tgobeauxg6@msn.com,PL,8-5-2023,
7e974e8b-3ab2-4bdb-a9ec-06bf136a6420,Gaston,glubomirskig7@sfgate.com,US,24-10-2024,
6440758b-e6ae-4b9e-9e9f-26579c810d5b,Shep,srussamg8@stanford.edu,CO,16-5-2025,
eb8240d9-b8d9-4f8d-9452-458b24405632,Sibylle,sweondg9@opensource.org,RU,13-4-2021,
bfa03d0f-44c3-426a-90bb-b8a5e86d772d,Barnabas,bdelphga@hugedomains.com,AL,21-8-2023,
6eb550cf-b3be-4a94-bb71-9b9eb6bdc673,Dallas,dcouttesgb@cargocollective.com,PH,14-9-2022,
3a655d22-50c8-4d5c-ad08-c41cfbaa6172,Myrtice,msarahgc@shop-pro.jp,FR,7-10-2023,
22dadbe7-5006-45fa-8223-b3f46e744867,Gaby,gvernigd@ed.gov,PW,18-2-2024,
5f512f8a-5576-4058-b8db-e123749b99a6,Danit,dcouragege@ycombinator.com,BR,19-1-2022,
86127456-3aa8-4b10-997e-4e342eb88313,Betsy,bcolquerangf@boston.com,AR,4-7-2025,
40d58916-4df8-4d33-bc11-40ffe2d098e7,Tabina,tseegg@princeton.edu,SE,27-1-2025,
2cb5e298-1259-4832-a8e9-9c5e50e4c6dd,Brendon,bsimmondsgh@tinyurl.com,US,20-6-2022,
e3e80f2e-2f40-4656-8ee2-bd84d4afef9a,Casper,crosenbarggi@wix.com,RU,20-4-2025,
c3c22246-7906-40b6-8ecf-e092e1a9788a,Phedra,pgeroldinigj@yahoo.com,RU,3-5-2024,
,Alaster,asimmsgk@123-reg.co.uk,NL,10-2-2026,
47a619a5-6728-4170-bec9-8d20d4cdc0aa,Chloris,cberntssengl@nytimes.com,PT,8-1-2023,
7ccce8de-eb20-4676-8a8c-87fa19b92db3,Raymund,rschoolinggm@economist.com,RU,25-8-2021,
372b505b-21e7-4fe5-bca9-79f72d972b3c,Dickie,dgrieswoodgn@ameblo.jp,CN,13-6-2024,
4ca8e213-9164-43fb-aad1-972c94e2aafb,Idaline,ilowthorpego@last.fm,MY,16-4-2022,
179f043f-d0c4-45ad-aef1-411cedf960c6,Rozella,rcumberpatchgp@nhs.uk,PA,27-6-2024,
d60f30d2-9264-425d-86b8-7b4f31238966,Zitella,zgrimsdykegq@deviantart.com,CN,2-2-2025,
83337833-1371-4dc8-a4fc-002cf34f70c9,Risa,rvoelkergr@ucoz.ru,PT,6-9-2021,
a8c18fad-4f84-400b-a161-f19589c7ad6e,Riccardo,rpilipetsgs@dagondesign.com,ID,6-12-2022,
ca2d0b4f-abde-424e-82af-42f6a7138ad4,Bonnibelle,bstonhewergt@barnesandnoble.com,CN,27-5-2020,
454c20ca-7412-4857-bd6c-0020a89afa63,Salomo,sgoaleygu@discovery.com,CN,19-3-2021,
82a07ec7-dae6-402b-bed7-a9d9d05fbaa8,Giffie,gashfordgv@tripod.com,RU,13-6-2025,
5b658f7a-97e5-48bf-9126-c74e542e1ea1,Berkeley,bbutchardgw@angelfire.com,PT,20-1-2023,
b7e1dab0-9910-434b-a5ff-217b95109ef7,Hephzibah,hdugogx@google.de,RU,1-12-2025,
4bf45d62-147f-4ade-9a84-05326c0d2611,Wain,wbelisongy@vimeo.com,GR,27-4-2022,
3e45a1e7-c19c-4312-8e63-c0db63b1ff8f,Martynne,mlisciandrigz@weather.com,TH,18-2-2026,
9ee7750b-944f-41f5-9c1e-5ab3030110f8,Leland,lfarloweh0@army.mil,HN,15-12-2021,
85fb77db-7f9d-4349-a839-40c016c9f5ea,Luis,lashtonh1@google.com.hk,UA,4-12-2023,
17ce386b-6a9a-4d69-9bd1-8bf329ef7556,Oralla,omaseykh2@cloudflare.com,AU,28-4-2023,
3833c38f-bee7-49f2-b1df-68a2f814513a,Shelia,singyonh3@csmonitor.com,PH,8-2-2026,
2c8ab3e7-d43f-46db-932e-7ebf584f6759,Brigida,bdranceh4@posterous.com,PH,20-7-2023,
962c6974-b55d-4a53-9e47-4a83c51098ad,Faith,fblackwoodh5@yandex.ru,FR,27-5-2024,
bd4c0c34-3256-4190-bc57-8a13771b010f,Merle,mheinschkeh6@tinyurl.com,CZ,12-12-2024,
92bc676b-e770-493d-888f-c8650461e145,Libbie,lbosmanh7@de.vu,DE,5-6-2025,
ee46ac21-8243-432d-89aa-ecc744c9a355,Aksel,asansh8@biblegateway.com,FR,10-8-2020,
7a1067d0-7d9c-4c19-ac44-e9b91adc60f8,Beck,bpettitth9@telegraph.co.uk,CN,30-12-2022,
009a5157-e5f2-45d9-aca3-dcd2d62ceff4,Abagael,acatchesideha@digg.com,ID,29-1-2025,
426e57bc-6102-4dbc-826a-9af65568574e,Antonella,aklaiserhb@lycos.com,RU,26-3-2023,
e173675c-0a9f-49c7-96f2-3b558ee631ed,Harli,hrochellhc@chronoengine.com,FR,12-2-2021,
c1fd4dee-b27a-4c54-888e-00759d71f100,Dedie,dvanninihd@ehow.com,BR,19-2-2022,
88324602-cb93-4e2b-bd1d-6434dae56f1e,Chanda,cfritzerhe@eventbrite.com,TH,8-12-2020,
26c6e77b-6165-47ad-8369-01f64733f61b,Pennie,pscraftonhf@nymag.com,CN,18-3-2020,
c9ffef2d-c748-4d20-a72a-10504fdd42e8,Lovell,lmarcamhg@angelfire.com,CN,22-9-2025,
ea6a111a-374e-451b-9605-588d50b43da7,Warren,wgoodsallhh@yolasite.com,CN,9-5-2022,
d8d1318d-2260-4cbd-9951-1dea95d0c56a,Rik,rfullardhi@myspace.com,CN,18-11-2020,
6f334846-9e53-453c-9db9-c50c6b84c2c8,Winny,wfidelushj@posterous.com,PL,9-8-2020,
d82081c0-adf8-408a-8745-d0f3550d7d06,Tades,tmacknighthk@spotify.com,FR,12-2-2026,
ab6c5d16-db14-4894-a828-66c97bc5549c,Cary,crichleyhl@army.mil,EE,23-9-2025,
b941fc29-7aa3-4f86-9526-2b42375f6ca5,Roda,rescalahm@flickr.com,UA,28-3-2020,
c95d958c-2102-469f-a94c-d0b7af26be9e,Idalina,icordobahn@google.it,CN,28-10-2020,
,Garrick,gskudderho@usatoday.com,PH,23-11-2022,
1b3ff6fe-1745-48c9-984e-128661890960,Rinaldo,rdaniellshp@rediff.com,PL,13-9-2022,
2fe4dbee-90f1-401b-9987-61d4d36ca612,Ben,bveldenhq@psu.edu,GB,13-6-2020,
32669f9f-1020-4c07-90e1-7769dbec830c,Renate,rmatyashr@e-recht24.de,CN,27-7-2024,
cb97e7d7-3e90-41c3-9cf4-359649906a03,Trumann,tcamelhs@reuters.com,ID,4-11-2020,
39e63df8-fdad-4b59-be0e-8ac5a00de1ba,Arleyne,adawidowskyht@amazon.co.jp,PL,9-7-2025,
eb74e7f4-1480-4e52-8052-8aedef8d62e8,Myrna,mbiaggettihu@salon.com,CN,20-1-2026,
f7fc4880-eca2-415b-9ecc-43834620da14,Karrie,kruvelhv@nifty.com,PH,5-7-2020,
7bace8bc-35fb-435f-8a12-c0c19ffb52b3,Hyatt,hrosebladehw@multiply.com,PH,20-10-2024,
f10fa408-5034-49d1-b841-67ec547ead31,Terza,ttompionhx@tinyurl.com,RU,31-8-2023,
084c86d0-e93e-4fe5-83fc-d247cc25e44e,Leoline,laccombhy@census.gov,CN,14-10-2024,
1cf89195-65d8-435d-bbb9-66c5e5e34599,Tim,tpuvehz@wikipedia.org,GR,27-2-2021,
deb048a8-e703-4095-a4b0-e89c7f2dec0a,Adriena,agolderi0@va.gov,US,12-11-2022,
e3145ddb-10ba-40bd-a1e7-4ea742664d44,Clarisse,cplumleyi1@icio.us,RU,8-6-2024,
67b10a54-5a94-4bd6-8107-d67dd0a9c0ca,Leodora,laucotti2@1688.com,PT,20-3-2021,
7d0449b1-9ba7-4258-94fc-2e486a700359,Lana,lmargerisoni3@fda.gov,PL,26-9-2023,
d749bd3f-41f7-4841-8f7d-365b6b525ec9,Gerick,giiannonei4@webnode.com,CZ,3-11-2025,
6ef8cb29-69c3-4ea8-a520-384d3b02036f,Jillian,jfollii5@livejournal.com,PH,10-10-2022,
17ae923f-c325-43b8-a168-33d3924d18b1,Hatty,hshowalteri6@geocities.com,AR,14-4-2021,
dc1f44f5-9a52-4a44-8a74-acd491c347b0,Cal,cposcheli7@weibo.com,PT,28-5-2020,
5bca2952-07d0-46f1-9b9d-ebb2a0a60ff0,Toddie,twanlessi8@merriam-webster.com,PE,12-2-2025,
c84ef43b-aac7-4f64-957c-5672277c7de5,Feodor,fhryniewickii9@people.com.cn,CN,27-8-2022,
adf2e2e2-2ccc-43a3-8d85-c70535fc3a43,Carmencita,cyurivtsevia@independent.co.uk,BW,21-9-2025,
a8379139-e882-452c-a56b-bc3f5e7404e5,Casandra,cciccottoib@parallels.com,ID,1-5-2025,
157563ec-631e-4f06-9c8d-4035b868c33c,Tarah,tnewartic@comsenz.com,CA,11-11-2022,
d2c2196c-9245-4eb7-8d13-ae69e73ba1b9,Winfred,wflemingid@delicious.com,CN,18-12-2023,
ec3b7b5f-c0d3-4cdc-8941-6502e72289b9,Kalina,krentonie@vk.com,ID,8-10-2025,
eebf2641-7a0a-4625-b90a-b6344f24ebe8,Merilee,mwardif@devhub.com,ID,22-7-2021,
faf022fb-d362-4893-ad66-30c01b31771b,Reggi,rgerokig@cmu.edu,AR,10-10-2021,
d0e52a88-5b48-4f50-b310-84681a4c75e0,Annmarie,asartainih@a8.net,PT,17-9-2020,
704a9f4e-8055-4105-ac63-8c27bff0d47e,Ginger,gcrotchii@fotki.com,BR,14-10-2020,
1559a8d9-2634-4b1a-9ba1-040fdfef7c82,Catherine,cmonketonij@flavors.me,SE,13-8-2025,
b1e3926e-b69b-4d12-96f4-38791ff53516,Witty,wkerriganik@va.gov,PL,26-3-2022,
c92da11e-b0b2-4ff0-8cc7-a429dd94816a,Cinderella,cbenitil@disqus.com,MR,18-2-2024,
4d72fcfe-378a-4031-978c-bc06ef64b7b4,Farley,fdunbletonim@go.com,RU,19-10-2023,
9fe0f452-f5f2-40f9-8d63-b904fa3769bc,Brigid,blornsenin@fema.gov,NA,26-3-2025,
5c1c287c-e225-47e1-9b3e-181d76ed7d97,Jo-ann,jhelversenio@tmall.com,CO,24-7-2025,
c562779d-4371-4770-aa9b-848aacd9b3d4,Gil,gterrillip@arstechnica.com,LK,3-7-2022,
1b487634-bb38-4ba0-8f41-93b81f61941a,Archibald,alandersiq@paginegialle.it,NL,9-4-2022,
01ead7e3-592b-4dbd-93a8-221435209f0f,Esme,eelderbrantir@aboutads.info,ID,30-5-2021,
4ff95a8c-2df4-4400-992c-7fd4d9d62cce,Darnall,dashbeeis@telegraph.co.uk,AZ,28-4-2024,
6f57b67c-6394-4286-b0bc-df86b07b5fcf,Gertruda,goventonit@google.ca,CN,5-9-2023,
0198b4fc-8c92-4b1b-8ab8-011b15dc54a2,Axe,amattysiu@biblegateway.com,ID,25-1-2023,
aa6f1e66-df2c-458d-bd97-0f9f5fb7a183,Emlyn,erignalliv@amazon.com,NP,30-3-2023,
b1d59350-aeb9-4cd3-8555-73345dceffbd,Stevie,sthorringtoniw@zimbio.com,TH,5-4-2025,
f038b4ef-6dc2-434e-8e46-0405253738a4,Drew,dyakutinix@paypal.com,CO,9-3-2025,
6eb0dce0-d729-4052-b262-06d9086d7f92,Tess,teallesiy@nih.gov,PS,4-7-2025,
65cd483a-1cce-4b38-8b4a-033305221b4e,Babita,bthrushiz@aol.com,RU,4-7-2020,
7891244b-6cce-42ac-8e84-4c453946cbd1,Delcina,dcantrellj0@noaa.gov,RU,28-6-2022,
bf2315e8-c288-4491-bdfc-1f842c2302b0,Scarlett,scawthryj1@t-online.de,CO,23-9-2021,
496ddd5b-c258-4ce5-86a1-2701ccc3512d,Thorndike,tcorcutj2@amazon.co.jp,FM,3-12-2021,
01879f18-c9f8-454f-9d7e-c6cbf7120c54,Brok,bosiaghailj3@bloglines.com,UA,5-2-2024,
5f8818c3-80b3-42cf-b221-8b1810f1d8db,Fergus,fsandwichj4@bbc.co.uk,SD,27-2-2022,
e9f51c1f-4590-400a-8d39-a4e5bb18fc73,Lauretta,lfranscionij5@t.co,VN,24-9-2022,
5078c4cb-806a-4ffd-a544-01eb83a3d433,Ethelred,ekembryj6@about.com,RU,25-10-2024,
dc71f162-da38-42d0-85ab-f1aa0f93ebfc,Sigismundo,scarnockj7@hibu.com,PH,8-3-2021,
f0b50918-547c-48af-a864-7acc1795441c,Shandee,sperrynj8@printfriendly.com,CN,20-5-2024,
9d2f0685-a45e-4c53-8c56-e49676045677,Emlen,eledekerj9@go.com,MX,6-10-2020,
5a02e104-c70b-4d56-a0dd-c29c45d4a035,Jordana,jrichenja@bloomberg.com,AR,11-3-2020,
03f20c4a-7b48-4c55-9af0-18f7b8cfa3cf,Pinchas,pgeneverjb@spiegel.de,AW,15-8-2021,
449aa14b-12d7-479f-9818-3a175e7b3c98,Donica,dbabonaujc@un.org,RU,3-2-2026,
56071cba-ef2e-4c1f-8b6a-678ad8d47d68,Barton,bbaptistjd@alibaba.com,MY,23-12-2023,
ab349af8-f376-489b-90b0-f4b1e2615d8e,Humfried,hmebsje@51.la,ID,3-12-2021,
9b947c46-5a92-4c5d-948b-363e998a2a87,Diane-marie,dpeaddiejf@mail.ru,DE,14-8-2025,
9f960a9f-b67d-42de-96d2-465116c70cc6,Carolann,cnossentjg@netlog.com,CN,1-1-2021,
9994a3f1-4445-43f8-b66c-feee32e6cb9c,Whitney,wrevingtonjh@shareasale.com,BO,10-4-2025,
a099ba67-ac08-4e4c-b3c4-539ef799446a,Augustus,adupreeji@yellowpages.com,MY,27-11-2020,
fccb0f97-9780-4e6b-8f8a-34fb303a4d5b,Odessa,ocahalanjj@a8.net,JP,3-4-2023,
896cb625-6322-464a-aa6f-cddecec9c9a8,Patty,ppavlishchevjk@domainmarket.com,DK,24-8-2022,
76ab1172-2ab4-42c5-9c7c-dc740017de1b,Steffen,slockejl@nature.com,MM,27-2-2026,
7d8f3ab6-2aa0-4d8e-8c8d-44a660f03380,Antone,ajessonjm@shutterfly.com,CN,7-12-2023,
99375b2d-da30-4a40-8fb2-6639a936301f,Merrielle,mhuyhtonjn@biglobe.ne.jp,CN,27-9-2024,
10b8d835-a295-4d06-b093-cf0fa5eb5bbc,Keith,kdashwoodjo@zdnet.com,RU,1-8-2022,
e8740948-b290-4b02-9a89-db55aa30d8a7,Lombard,lcowxjp@wunderground.com,UA,23-4-2021,
095e566d-9d12-4a87-957b-723a4522b883,Bronson,bboichatjq@mysql.com,IR,26-10-2023,
62562e33-a374-48cb-9151-aaf3921cf5f1,Noemi,nnewlovejr@creativecommons.org,RU,15-9-2020,
117fa3f1-ea71-4522-b529-389165510a56,Arielle,alongstreethjs@sphinn.com,EE,20-10-2022,
,Melodee,mmcneajt@booking.com,ID,23-11-2024,
c20218ca-7f6d-44d8-8392-c4ed80b1fd8e,Petr,plabbettju@e-recht24.de,FR,8-12-2025,
ab4d4d43-04e5-4864-9eed-bb52500dea35,Dorey,dszepejv@wiley.com,NG,17-10-2023,
b848cc48-c97f-493e-8ffb-5436b25290ee,Devin,daltoftsjw@google.es,PL,22-8-2021,
a58353d7-1c00-45e6-8da2-0b557e6257a1,Bee,btrenamanjx@marriott.com,PL,11-1-2022,
be313411-49a9-46be-80fb-dd93f06003cd,Lauraine,lsneesbiejy@skyrock.com,SE,9-11-2021,
649b80fd-62d7-4bf6-a616-16e75a1d3422,Haroun,hbickfordjz@printfriendly.com,AR,19-4-2025,
6d59b5a3-6aa4-452b-b370-049f2e5e4ee5,Prue,pcurrk0@walmart.com,GT,1-12-2022,
,Theodore,telpheek1@cdbaby.com,CN,25-12-2025,
fd1ce592-e419-476c-8099-9360fc2f7f25,Burtie,bternentk2@admin.ch,ID,11-7-2025,
72a93acc-8bdf-41eb-a11f-e390a1d92f2a,Mandi,mmcowank3@tinypic.com,AL,1-9-2020,
be150767-d577-4971-8a65-869348316644,Thadeus,tharderk4@yale.edu,MX,23-1-2023,
5ce46d69-5836-4b4b-bf09-263fe9191c9c,Fax,fbuessenk5@e-recht24.de,RU,17-7-2022,
830d4e90-5d3d-4028-a503-ed496b0e3531,Witty,wbeaulyk6@skype.com,CZ,23-12-2023,
fda44832-8d1c-457b-9f60-21b4abf97fb3,Loree,ltemporalk7@example.com,CN,22-4-2020,
8cb1874f-f52f-478a-81a8-9e3b9eb68bdf,Lindie,lokeenank8@amazon.co.jp,LU,24-1-2023,
e678b0a9-9314-42a2-9032-070a4eef5d89,Blayne,bduffetk0@ustream.tv,UG,24-10-2021,
5a4996bd-3567-4ed7-8532-16fee2fa08b9,Cheryl,cbastideka@godaddy.com,MK,21-2-2024,
6243e706-2441-4f97-abee-738490eb9e3d,Kennie,kamthorkb@dailymotion.com,NP,19-8-2025,
7ac311d0-0157-442a-bff1-300920378654,Vivi,vhardwinkc@techcrunch.com,FR,10-9-2024,
31165cfa-adb1-430b-8b29-6ecd5055c73e,Nicola,nhayleykd@webeden.co.uk,DO,25-2-2022,
326861e5-f449-4b25-8ddf-adea6eb70cee,Bone,bmertinke@jiathis.com,NO,22-11-2025,
52898869-6971-46ee-91d8-bc751e788ee5,Kelila,kgommekf@bigcartel.com,ID,6-10-2022,
0ae3f241-1788-4fde-b3f2-40bc2b8e8c94,Ulrika,uluscombekg@marriott.com,RU,26-5-2025,
e29d5b8f-3415-4982-ab4f-f8990d8ea209,Kristoforo,kphillippskh@ovh.net,TZ,13-5-2020,
c8fbfdfc-e3aa-437b-ae5a-7baccacf3183,Jerrylee,jpetterski@booking.com,TH,24-5-2022,
2561269f-ec50-40ce-a098-bf55bcf1aadf,Burton,bnansomkj@columbia.edu,PL,25-7-2022,
206ce715-8d4f-4271-ad52-d0fe096f1346,Bernice,bjaimezkk@wikispaces.com,CO,10-10-2025,
2001c2b8-3bb0-42fe-b95f-5574f287976f,Ephrayim,erobelkl@altervista.org,ID,30-7-2020,
038d4b72-95bc-4487-b2b2-7403426de9fc,Roch,rkissackkm@tiny.cc,AR,14-10-2024,
29b3d36a-8f44-429a-9339-7aec8c3fbefa,Mahalia,mmoynihankn@free.fr,AL,30-9-2023,
87791aeb-fe26-4654-8107-bd94d8b3a5a7,Goldi,gkondratenkoko@java.com,PL,25-3-2020,
4c219bb9-2f21-4920-9766-4c01d6197031,Joline,jmidgelykp@ovh.net,BR,4-3-2022,
d28109f0-2197-4c06-85db-f58e0871bc49,Clerkclaude,cbroykq@washingtonpost.com,MN,22-3-2024,
5d93e5cf-8967-4a0d-8a09-637a852349ea,Ariel,alabuschagnekr@bing.com,TH,2-8-2020,
ef0ab1d4-c3ab-4592-afa7-d1760f12a75a,Hube,hdigbyks@ebay.com,PT,20-2-2021,
e10dca91-72ef-42b8-b8c2-69b12367b6a0,Adriano,amaestrokt@parallels.com,CN,31-12-2020,
819cb958-4882-45f1-97c8-6490a7b5c97b,Osborne,oblacketku@eepurl.com,BR,18-9-2025,
bda23588-1ba1-4425-85d2-fae9c331d350,Jordain,jgraysmarkkv@w3.org,CR,22-10-2020,
350a940e-1411-4489-b464-684eab81aa9e,Arthur,agillanikw@eventbrite.com,CN,16-1-2021,
78066b8f-44b6-4e68-8a1f-95105dab5e3c,Kiele,kaldrinkx@youtube.com,PH,13-12-2020,
d84c8bbf-c67a-412b-824e-82713f6f4ae2,Dewie,dheadfordky@aol.com,CN,8-1-2024,
a2fa4214-ca8b-47e0-a946-3ef5eddd9b47,Nesta,ngibsonkz@taobao.com,PT,17-6-2025,
7f3e8ab3-f9b2-452d-9b38-53c43a1bbf69,Geoffrey,gandriulisl0@webeden.co.uk,RU,9-1-2023,
aa2e1835-f4d9-421f-877d-aee628c74403,Juana,jcrasfordl1@answers.com,CN,24-10-2024,
cb62dc90-76e4-46a4-a651-3c9b45a608f8,Erv,ecocherl2@shinystat.com,US,24-10-2024,
a3948b11-18f8-417b-b1a5-3a1ef42b58f4,Alida,aallworthyl3@cargocollective.com,PT,19-9-2022,
61a7cdce-fd37-439e-9a2a-bf8cf5240211,Brew,bbrimnerl4@telegraph.co.uk,RU,26-2-2022,
2e5174d3-51e9-4da1-9c7e-0ca87ee3de3d,Gene,gtrevorl5@mozilla.com,US,24-6-2020,
26312e36-5428-4354-9688-e1ee3248766c,Mil,mnewberyl6@examiner.com,KE,31-1-2022,
6ca634ca-2806-4c4a-bbfe-4b20966d3f5a,Gerti,gwasselll7@macromedia.com,TW,6-7-2024,
732f4c2c-ed76-4dcc-8171-70530e055b08,Stacee,sdunkersleyl8@dailymail.co.uk,ID,1-7-2020,
096a6de1-b772-43af-9822-53899324edbe,Siobhan,sculbertl9@t-online.de,CN,18-11-2023,
2491d466-011b-48da-ad89-a14413e48870,Tristan,tinkpinla@indiegogo.com,MK,12-6-2024,
d0c878e6-59f2-4910-9c8b-0c1b537c8c05,Dina,dfarbrotherlb@fastcompany.com,PH,28-5-2025,
20609bcd-87f2-4923-8102-93b2344c6531,Kendre,kpoynterlc@freewebs.com,CZ,10-1-2024,
24ebc30a-63b4-4529-b780-005bf524fca3,Selig,smacelhargeld@hud.gov,CN,27-3-2022,
82a645b5-f8b4-4ea9-99d7-3efdd1fffe68,Maddy,mcarnockle@taobao.com,EG,19-9-2023,
e7cde16b-9b17-4c06-b4e0-5dc242764447,Marleen,mginleylf@zimbio.com,CN,18-9-2020,
468db0a5-8edb-4118-a6a8-915f97d08cef,Sayer,sscardafieldlg@fastcompany.com,US,14-2-2021,
c9545778-038a-436c-b3b4-dd418bdd2ade,Adriaens,aschoroderlh@umich.edu,PH,19-11-2023,
ae39e12a-df5c-4c8b-8500-278f0d5497ba,Reese,rdemougeotli@businessinsider.com,NZ,20-11-2025,
99718347-66d8-4b96-a1be-b846fc8c3396,Felike,fchancelierlj@domainmarket.com,GR,19-11-2021,
a019f997-5f92-4908-9eab-0427daa0d7f1,Hayes,hwestgarthlk@amazon.co.jp,CN,13-12-2020,
02f72249-d606-4d2e-9df1-8dda005be99b,Cordy,ceasterbrookll@about.com,ID,11-8-2023,
f9025776-debc-461e-844f-b70f6ab8bedd,Cyndi,cmacdearmidlm@addthis.com,ID,27-9-2025,
010e5a3a-f4c0-40ab-bcae-c2b99793b876,Atlante,abonnaireln@printfriendly.com,XK,18-12-2021,
dc2b88ef-8c04-4f8f-8343-6ef7db24d2d8,Caz,cfranzettoinilo@tripod.com,PL,27-9-2020,
c1e70b63-7e56-4c0e-b545-f25a9ff13a22,Brady,bcordingleylp@businesswire.com,HR,30-10-2022,
c84c1c5b-d45b-4b8a-aa21-387332ae575f,Margaux,maringtonlq@weather.com,LU,20-11-2024,
ae4da425-d8a0-4ce3-b30f-709831858400,Jules,jkiddylr@cbsnews.com,IL,5-7-2023,
dd42c1f4-38c2-4d6e-93f0-f135eb5c478c,Nicolina,nashels@si.edu,LK,11-6-2025,
5410bfba-04c4-482d-bf9e-e6034f7a8bc5,Fairlie,fsuermeierlt@blogtalkradio.com,CN,8-5-2023,
b4dafd3a-f710-435e-93ae-aec018c788f3,Maje,mwishkarlu@umn.edu,PT,13-7-2022,
92ee0957-e131-403e-b4c4-57394bc1c9c8,Ajay,ashippardlv@opera.com,FR,2-12-2024,
5a65165d-367b-4477-9930-d2dd5169c02a,Angelita,amadilllw@amazon.co.uk,PL,27-5-2024,
d14cbffe-f57c-4c63-b130-ab8bb8d4ce6d,Jemimah,jdowzelllx@deliciousdays.com,PL,13-3-2023,
74b50dcf-8a77-41d2-a3a9-e30d529b5848,Malachi,mgeertzly@dmoz.org,KZ,8-4-2024,
6767f441-933e-47fd-abf7-f969e8021b30,Skipper,sgwilymlz@wordpress.com,AR,11-4-2023,
68cfd204-29e4-4e79-96fd-0cea6325bdec,Gigi,ghaggathm0@wired.com,CA,17-4-2025,
da6e7ff0-a9c2-4ee8-9c81-09dfc7519d5b,Chanda,cstanderingm1@cyberchimps.com,RU,5-6-2025,
f23b6c31-4882-4625-ac3f-a808e67edce3,Nicole,nbulchm2@princeton.edu,US,6-8-2021,
7b3dcbf3-3eaa-4430-95d4-2be9a9f2bf23,Mada,mlavalm3@independent.co.uk,CN,3-2-2026,
3390f99a-4206-406b-97c7-dfca1a670924,Niles,nmingaudm4@joomla.org,CN,2-7-2025,
d9fba591-8586-4460-9b04-ffd4bba42238,Melonie,mmullingerm5@oakley.com,CN,18-9-2023,
f474bcb6-94ee-4d4f-a7eb-b3fe2bcbe9c8,Leena,ljirusm6@zimbio.com,SI,25-7-2021,
1df90002-c6a9-49de-aeeb-8f33040effd1,Becky,bcalcraftm7@oaic.gov.au,CN,30-9-2023,
a0e3bf83-20a5-47ef-812b-03e3b19c542f,Saba,smapledorumm8@prweb.com,UA,14-5-2021,
beaf3a60-63eb-49c2-946e-f4a7cc7a395c,Pavla,pdukelowm9@soup.io,AU,4-9-2024,
1560a1f5-5017-42f8-8857-ff69542b83f4,Irvine,iwycliffema@mail.ru,AX,1-7-2023,
fe4c3990-7063-4cc5-91f1-8741ca4f6064,Parrnell,plinnitmb@myspace.com,CN,3-3-2020,
7ea4c98f-397c-448d-95ac-dfcb8809d6c6,Finley,fdallewatermc@cam.ac.uk,FR,14-11-2021,
bade5c68-3e71-4174-acad-30ca04703a97,Lorelle,lbuckenhillmd@vk.com,CA,24-9-2021,
af1dd7d9-826f-45d5-89cf-1c4c49fd6298,Stanton,salderseyme@icio.us,HN,26-1-2025,
af1dd7d9-826f-45d5-89cf-1c4c49fd6298,Stanton,salderseyme@icio.us,HN,26-1-2025,
40349533-e184-4b2c-8445-83a22249cbff,Abdul,amaccarimf@jiathis.com,US,9-1-2021,
db526b75-7b0f-4b80-a6ed-a98e43b02793,Jewel,jnewlovemg@ibm.com,BR,23-12-2025,
e17b1404-5caa-4b43-a877-383006cd6992,Pearline,pkenyammh@is.gd,MM,6-11-2021,
cfce3ed0-79d7-432a-9e19-0c24b0cd73e8,Carmelina,ckidstonmi@about.com,GR,15-7-2025,
5a39bcff-6448-431d-9b01-65a7f2d65a0f,Asa,asoldnermj@google.ru,VN,15-8-2025,
b2251558-d6a1-4cfa-ae9c-101cfbc091f3,Etta,ecuttingsmk@example.com,ID,30-7-2023,
90928abc-527b-49a2-bb02-e002ea48575c,Seumas,saronowml@jigsy.com,SE,9-11-2021,
,Tracey,tsteartmm@github.com,PL,23-3-2022,
,Mata,mdeandisiemn@japanpost.jp,ID,30-11-2022,
,Lindy,louthwaitemo@blogger.com,CN,17-4-2023,
2f89fc63-7dab-4cf4-9fc3-f243abf034d8,Noble,ndunphiemp@hostgator.com,ID,10-4-2023,
a7c37749-ad3e-422a-a194-ef215ac4c42b,Sansone,sralphsmq@posterous.com,PL,27-3-2022,
e066bb23-5be3-4edc-9a47-6039d563e254,Hedda,htersaymr@gnu.org,CN,8-10-2021,
982da999-0721-4da3-8c76-5f51190c5975,Veda,vmccutheonms@dyndns.org,ID,7-12-2021,
8828d5dc-1b4d-45e2-adb3-cef899cd41fa,Liam,lstambridgemt@bbc.co.uk,PS,12-1-2026,
29648e19-ff91-4c13-b78d-43fa58af76c1,Moll,mdarridonmu@123-reg.co.uk,RU,29-4-2022,
d094a693-6b9f-43f4-b2c2-1eeabe1308d8,Arleen,aforrestillmv@wufoo.com,PH,9-7-2022,
631fa819-ccee-478c-9aa8-9de86c335584,Ludwig,lgonzalesmw@sakura.ne.jp,ID,28-11-2020,
1ea90594-6dec-41f0-873f-39cf1e2e0485,Krysta,kscudamoremx@oracle.com,KZ,19-7-2022,
110b5ce3-1c95-4661-808d-a6d8fd7219e0,Karola,kleregomy@twitpic.com,HR,13-6-2020,
5b4ac0b1-3a46-4af2-84c6-1926c4d55ab3,Gonzales,gallmenmz@ezinearticles.com,PL,16-5-2025,
72a4c57a-5907-452e-8f99-4f900f3203ee,Carmelia,cseillern0@examiner.com,CN,26-5-2025,
cb63a83a-0813-4903-a567-e528fa82bc7d,Lavinie,ldmitrn1@tripod.com,PS,10-1-2023,
4b0a3a4d-1825-41a4-8187-c1818ad4ffe9,Burr,bmclicen2@fda.gov,BR,17-8-2022,
f2a99d67-f15a-455d-9976-fcfc1664f75c,Corella,cmartynovn3@issuu.com,MX,28-3-2025,
d8062249-c779-45b9-bab6-b5d3b8842907,Petrina,pbrickn4@dagondesign.com,FR,7-4-2025,
92d7759e-f984-4bcf-bfa7-aec708d202bc,Vallie,vmottn5@yellowpages.com,JM,4-5-2021,
c7c7dbea-58ea-43b1-b899-d85cf4cf46f7,Janice,jdewisn6@webeden.co.uk,CN,25-3-2021,
2e0f8320-c05d-44f8-bac9-a311f7a018ff,Debera,ddouglissn7@theatlantic.com,CN,26-10-2021,
680fd934-2055-4b85-a5bd-8ac4dc241b1e,Vernice,vwinchurchn8@pcworld.com,JP,23-5-2023,
f867532e-2a32-4b0d-ac83-f84f13683325,Sanson,sperfilin9@nationalgeographic.com,MY,10-3-2021,
50ca8cb1-1fa3-4b81-b165-9354aa76c0bd,Chandler,cguerrierna@amazonaws.com,CN,10-4-2020,
d57cde89-ab02-49f9-9528-c9d26a0f48c1,Rubetta,rmassinghamnb@barnesandnoble.com,MX,1-11-2024,
adcf9a25-1282-4e6e-8d94-19dce572d0c2,Radcliffe,rtabourinnc@slate.com,MX,24-6-2021,
dbea3509-79d4-43f2-b3f0-fbe83b55e530,Gustavus,gfodennd@abc.net.au,JP,11-12-2023,
1488b030-b5aa-4931-977b-8f5b27e05b74,Darn,dlamsheadne@cnn.com,VN,15-9-2021,
821f24da-e67e-49c2-b941-89dde0afd9b7,Rici,rbillingsleynf@163.com,ID,27-12-2021,
b096fbaa-87db-4776-8e42-a4f3a265523d,Edgardo,eegleng@blinklist.com,CN,16-9-2021,
cf4c77f7-38c8-4fa8-a8e6-9379317c4da1,Timmy,tgrimsellnh@icio.us,CN,1-10-2020,
cc480ed7-cec4-4f7b-b1eb-d1a0bdaae5f8,Hortense,hsarjeantni@amazon.de,RE,12-8-2023,
10a9e905-482b-4320-bebd-d0da7da8f437,Trudy,tdowtrynj@ycombinator.com,US,21-4-2025,
421f5cea-9e50-4524-b0a8-b85596862b1e,Dal,ddionisink@51.la,CN,30-11-2024,
25b111bb-e78e-4ac5-85e5-9f8b05d1ee66,Lutero,lcordallnl@storify.com,MG,6-1-2025,
e82f6859-1a6b-4b8d-9080-b1bc35356220,Peri,pbrandaccinm@fastcompany.com,PH,27-8-2022,
e7eaa6aa-3c7f-43bb-b6ec-bb09285c0251,Micki,mhardikernn@acquirethisname.com,CN,16-3-2023,
0dcacddb-188f-4e26-b06b-2355f9bb3abe,Leelah,lcansdellno@gizmodo.com,AR,16-5-2025,
255a6546-45c0-4229-beeb-8c73a264c651,Theresina,thowsnp@reference.com,ID,11-10-2025,
5ce66b36-890f-45c3-966a-25029b41554d,Moe,mswatheridgenq@nasa.gov,PH,22-9-2023,
d218ee6b-4fc7-4dd2-b817-a454aeb42e64,Isabel,idegiorginr@umich.edu,CR,11-7-2020,
7fdcedb1-6a3e-4201-8c41-03f1de97906f,Karoly,kheddyns@pen.io,BR,25-2-2021,
c45d4435-6a49-4d3c-904c-ab1c93b74263,Tierney,tbernsnt@constantcontact.com,ID,10-12-2023,
decc1f5a-a99b-43f3-82db-6b10c6f129c3,Land,lchelsomnu@symantec.com,PH,30-7-2025,
8726a9a1-bc43-4c75-86f3-5e0d2633d51b,Jerome,jruzeknv@ibm.com,JP,12-4-2024,
3ee92fbf-1668-4f98-a906-bd1053477d80,Matteo,mwheadonnw@geocities.com,HN,4-11-2020,
502aed06-0e6c-4eeb-a6d4-0859a36fda84,Lida,lfrenchumnx@bbc.co.uk,KM,1-2-2023,
945ee196-8238-45b8-a237-baccce13553b,Artemas,abartholatny@ycombinator.com,TZ,29-11-2024,
d9920c5a-7482-4eac-a127-94fa8d3066a3,Crosby,cwarnernz@issuu.com,RS,6-5-2020,
e2f24594-750b-4414-9ba4-bb3b9b28a134,Marilyn,mperassio0@reverbnation.com,OM,6-9-2023,
55a6ce25-6dec-4605-b6fa-f2284abdeb83,Andie,aaronsteino1@ning.com,CN,28-7-2024,
3035b80d-e54f-497a-8885-4f7dbb525ac6,Rhodie,ranfossoo2@51.la,PS,21-2-2024,
64f5ce30-5a90-4231-a49a-34cefac6e8fa,Marrilee,mridgeo3@icq.com,HN,3-3-2023,
73877bbb-d287-4d8e-b2d4-95643ac9892b,Georgy,gvalanceo4@tiny.cc,RS,15-12-2021,
4d6273e8-8c80-4eca-a37d-7b5abde97da7,Isidor,igawneo5@networkadvertising.org,US,5-11-2024,
01fe4757-8f63-4c8c-8d12-82ab167c86f8,Lillis,lstirrupo6@usnews.com,ID,27-12-2025,
df1e3c23-3fdb-477a-ae0b-eb39bc21fb7f,Brooke,btankino7@blogs.com,FR,4-2-2022,
7bc82347-106c-425d-9cd6-4101ab3b2855,Sallee,sabrahamsono8@163.com,CO,17-5-2023,
f5a806cb-bda5-4645-ad1c-986647d36fa0,Jenine,jhinscheo9@bloglovin.com,EG,26-7-2022,
4e475868-11ff-477d-bfd0-39105cdb8191,Lenna,lhaskeyoa@google.com.au,ID,1-9-2022,
43837205-68fd-4206-912f-902c4ba65c99,Daryle,drobbinsob@sourceforge.net,PH,8-8-2020,
4cff27f3-54c5-4343-8ab7-bff28c4b3341,Lebbie,lwasselinoc@msn.com,MH,6-4-2022,
4c507e7f-8f55-41a1-ad23-6c18a57cf447,Douglas,dzipsellod@wikipedia.org,PH,24-5-2021,
b98a570b-c26f-4226-967b-039d48ace231,Doralyn,dmckillopoe@reuters.com,PH,1-5-2024,
7861d973-1df2-4e9d-a144-8c7dde4200ca,Edgard,edeminicoof@wikimedia.org,LU,12-11-2025,
6f75d3bb-4dc4-4474-94de-ed3cb8acb38b,Wallas,wfeeog@wunderground.com,PE,2-12-2024,
843cb191-bddf-4e16-8b58-da8ce711833a,Man,msteagalloh@wisc.edu,VE,26-1-2024,
0707fc8a-027d-4355-b01a-b814e8d091bc,Aidan,agumbyoi@addtoany.com,FR,27-6-2021,
1e0be89d-efca-4d7a-8a09-b6d31d4c4c84,Lorne,lyurkovoj@naver.com,CN,28-10-2022,
1042d568-69bb-4040-bd0c-55a00e9d9840,Avrom,acrampsyok@washington.edu,CN,25-4-2025,
707234d6-ce82-4ef8-9cb8-d1df19a7ba51,Angela,aboardsol@apache.org,CN,6-8-2020,
d4d98540-4908-4ad6-a437-cf0caee20a3c,Terry,tlungom@fema.gov,FR,13-12-2020,
34989976-24ae-444a-be4a-463ebfcf7440,Willard,wwyardon@issuu.com,FR,5-3-2023,
48d7f838-0e88-4004-b78a-dad2f62f16ad,Janette,jzarfatioo@topsy.com,US,29-3-2020,
,Adda,ahaddestonop@jiathis.com,GR,16-1-2023,
322f2955-6112-474c-b204-4164ce9bf6d5,Gianna,gdemageardoq@si.edu,TH,7-12-2024,
376b37d3-e33f-4fad-a4c1-24246b4ffed7,Tiffany,tpicfordor@nymag.com,JP,20-6-2025,
0b6fd4ec-0f50-4e6b-b23c-7de6efaec876,Flynn,ffooteos@artisteer.com,PH,14-1-2023,
e8cc6e9c-dbd1-4235-a361-3159f0660ada,Ermentrude,esquirrellot@unblog.fr,CI,3-5-2021,
1261f2e5-d74c-4138-a6fb-ac7d07d6d372,Karlotta,kstarieou@tripod.com,PH,25-12-2024,
6ea24644-4e1a-4fbf-9639-9bcd2bea494f,Tirrell,tewinsov@behance.net,CN,25-2-2023,
d6e3b873-667d-4c53-a937-a8bc755412a8,Othelia,omoyerow@drupal.org,CN,16-1-2021,
a3ebe2d0-baa0-492c-803c-85145b3e18fe,Michael,mdreossiox@1688.com,NP,14-10-2025,
a934133f-5008-4bd3-9066-40421a679bac,Eudora,epheazeyoy@shop-pro.jp,PH,2-11-2021,
f2d560f5-5f65-4ed0-8e61-bbe15358e8a7,Arabele,aconerdingoz@epa.gov,TN,26-3-2020,
6a9a8455-4082-4518-84df-5021b1e3e433,Trey,tstearnp0@google.com.au,RU,11-9-2022,
458ef5b3-7027-47c8-9428-67d281d2e9bd,Waldo,wkristofp1@smugmug.com,PT,24-9-2022,
d7811f87-bfe3-425b-b13f-db35d491e911,Brucie,blampreyp2@theatlantic.com,FR,1-11-2021,
dc0c442a-d2f6-4400-b8bd-edfd0fabebd9,Devora,drosensaftp3@rediff.com,PH,7-7-2023,
a71eba21-4177-44aa-a609-722e42c5580c,Arda,acranneyp4@vkontakte.ru,US,31-5-2023,
461da84e-0513-4918-a44f-05d2d1cdf635,Lorene,lomandp5@thetimes.co.uk,CZ,9-8-2024,
1ddeaae3-2995-4260-946f-10d4ae261039,Jori,jyosselevitchp6@adobe.com,US,16-6-2021,
43b739c2-9c55-47e8-aafa-01ea2adf9051,Trista,tdigancep7@flavors.me,PT,14-7-2020,
504511aa-2b27-4006-ae0d-22c14d459426,Wakefield,wratcliffep8@issuu.com,ID,19-2-2026,
59626b62-ff6d-403b-a78c-7ec1512380a7,Alisander,aokeevanp9@bbb.org,IE,14-12-2024,
15bfc74d-8d81-4fd4-8571-88d41c5b9e63,Morna,maitkenheadpa@alexa.com,CA,10-6-2022,
d24968f4-3964-4b75-b1d8-1eac1e53112b,Lena,lredingpb@deliciousdays.com,ID,18-7-2020,
38ca684a-fbbd-4828-b5f3-56b2a987b564,Udall,ufoisterpc@engadget.com,UA,17-8-2020,
a26a13de-48bc-4cdb-83fa-8ed69b2e658c,Artus,aseerspd@oaic.gov.au,UA,28-3-2020,
8034386e-892d-4a53-9dc5-6fab32fead5a,Coralyn,covettpe@icio.us,BO,21-10-2024,
20ea46c5-b091-49d0-9b2a-919c9d92add1,Willy,wdownhampf@wordpress.org,KR,22-8-2023,
5764920b-28c0-412e-80f6-31be7e671dc7,Marget,maddispg@fc2.com,RU,18-5-2022,
29210471-0895-4c50-856f-31774c3846f7,Axe,afloodph@answers.com,ES,1-7-2021,
,Kleon,kpickrellpi@tuttocitta.it,AR,7-8-2023,
cbf2c435-f130-45a4-82e9-73e764c8e0e8,Quinton,qtraslerpj@diigo.com,ID,20-3-2023,
b7b3aea2-4192-4421-9d7d-b31773452f97,Wittie,wrealphpk@zdnet.com,CN,7-10-2020,
2eabc2f2-eed6-47bb-abf3-a1dfb45869f7,Mariel,mfranceschellipl@phpbb.com,CN,3-1-2025,
2a579ced-6726-4ff1-a9cf-9c041da51d80,Alika,asharmapm@wikimedia.org,AF,28-5-2023,
aee3dba9-e122-4c8d-8212-e9123a6653cf,Lulu,lravenscroftpn@mapquest.com,UA,4-12-2024,
653505b2-4aee-4fa9-a5a7-5de5016d918b,Demetri,dwillinghampo@posterous.com,CN,21-6-2025,
ca036313-257b-4c17-ac50-9b84d6a09191,Marcos,mreynoldsonpp@amazon.com,US,1-7-2023,
c0aca3b7-6607-4450-91ed-272815e4a247,Arleen,aashfieldpq@simplemachines.org,BR,17-10-2023,
fb862c84-1c12-4a3e-9e4e-a2da8a564aad,Beauregard,bportrisspr@army.mil,PL,4-12-2022,
b34a0fdb-42e1-4f7d-b5f2-683fd21f9d3b,Lucius,lwoodmanps@princeton.edu,CY,1-2-2024,
50c5a34f-cc03-4b28-8142-9dc561abcb16,Jermain,jchawnerpt@theguardian.com,CN,27-12-2020,
e8a9f935-4bd8-4e57-9908-cf3f4f91a7ee,Ahmad,ahodgespu@printfriendly.com,RU,24-11-2020,
effb7db7-ddba-431c-b1bd-b61318466746,Latisha,lolanderpv@dagondesign.com,BR,2-10-2024,
5e1f95cd-12cd-42cb-afa3-7acd3e9a150a,Charissa,crawlingspw@google.co.uk,IR,5-10-2025,
7a35d901-a950-44a6-b5c1-ada5ec50c793,Mack,mschistlpx@economist.com,CN,19-3-2020,
a78da135-dc47-47cc-a2f5-70a3b3818715,Emalee,espeendenpy@redcross.org,PK,6-10-2021,
6d5845f2-b6b6-42ce-bd25-eca99df5ddc3,Simona,sortsmannpz@redcross.org,ID,3-7-2025,
9f1558b3-d78b-418d-8006-8cfc5cb49d6a,Brandise,bjeannenetq0@deliciousdays.com,TZ,14-4-2025,
d0e4a9fc-a1dd-48aa-8a33-ca871cd7d411,Benn,balltimesq1@free.fr,CN,5-9-2023,
8f57f62f-6789-4f08-aac8-0436a2f54767,Marion,moverillq2@ed.gov,ID,5-10-2023,
dada8689-c1a7-45ec-aa6f-a13aa02a2f4d,Annabel,adedmanq3@time.com,CN,12-2-2023,
5437381d-60a8-4c7e-b936-595a69819e52,Storm,swaddamsq4@icq.com,AM,24-11-2020,
7e15534f-cd1b-4b7e-ab4b-8161a408aeb9,Jasmina,jfalloonq5@unicef.org,PH,15-12-2020,
705e95b1-d606-4678-8a92-467d82d05251,Ruy,rwoodroffq6@livejournal.com,CN,7-12-2020,
c2855a03-7464-4abb-9eaf-c00e8abbed7c,Lizabeth,lcarnihanq7@amazonaws.com,PF,3-12-2024,
58f1c5a5-c445-44ca-9b9b-9bcf57448f24,Evvie,elowdwellq8@toplist.cz,ID,13-11-2020,
928a41c8-ff51-4b71-a3a4-7156d2e5078a,Kath,kagglioq9@wikispaces.com,ID,3-3-2024,
651f29d3-4d1c-45c0-99e8-00d863b5a1ef,Tallia,theartyqa@nymag.com,BR,14-5-2023,
03bc759b-6fee-4692-9235-e41a8f473552,Land,lkerfodqb@reverbnation.com,PY,16-3-2020,
32581326-f5b2-44b1-96ec-e7eabef4ece8,Micky,mgrishakovqc@cpanel.net,IS,14-6-2022,
8b7bf4e6-7bf9-4d86-a434-004848b246b8,Hewett,hdougherqd@google.de,RU,12-1-2026,
bac51a87-d1f3-4137-bffb-0a127904a46c,Francoise,fsorroqe@alexa.com,RU,4-7-2020,
11ac9d06-8572-4a34-a568-423f9f956b9f,Johnette,jmccathayqf@ezinearticles.com,CN,6-4-2020,
2d533f9d-389a-4384-b3d6-0c8552c9daf9,Findlay,fmaryskaqg@behance.net,CU,26-10-2023,
c3b87b1b-8a62-42ac-a9de-4e90f0d76a10,Hebert,hdunbabinqh@last.fm,CN,27-8-2024,
262ed70e-f1cd-472d-95f0-ae0d0ac79444,Daniel,ddemannqi@storify.com,FR,26-11-2021,
e061bd9b-7ee3-4cec-98ee-e03223965b4e,Ceciley,cburkerqj@oaic.gov.au,RU,2-10-2025,
00a11069-1d8c-45bf-bbda-bce0b6326eb8,Perren,pcogmanqk@php.net,PE,28-6-2024,
fbd3274e-d0f4-4946-8c37-039674fa4f8c,Miquela,mdossitql@photobucket.com,SE,6-2-2024,
0dc52bb1-10c6-4a36-b3d8-2e2f05d02b60,Tabb,twingarqm@github.io,CN,24-12-2021,
8414750f-1046-49b7-955f-d3feb4dc44a4,Dud,dantuschqn@ow.ly,PT,19-4-2024,
3753c229-baef-40a3-b643-11601979593e,Byran,bgoracciqo@wsj.com,YE,25-9-2020,
6aec4b1d-c73f-484e-9dd3-3bebfc07aa30,Morty,mbeldamqp@hp.com,BR,21-6-2023,
522d9e4b-2d84-4155-a553-c04c9febb33a,Bree,bgaitungqq@xing.com,PH,3-10-2023,
667bbbce-b2b6-4ca8-90a9-d0668f8efde1,Pasquale,pconfordqr@jigsy.com,FI,29-3-2025,
fe4e7497-45ad-4da7-92ce-afd86032c2ed,Mirilla,mpenkmanqs@harvard.edu,PL,5-2-2024,
49e25bd0-caad-4b04-ac21-79c452c0585d,Claribel,cthirkettleqt@com.com,ID,7-8-2021,
a0a3c7d7-7011-4fd8-8a81-1e6a8c06c980,Donalt,dizhakyqu@uol.com.br,ID,10-4-2024,
6f54bd56-09b8-496a-8b94-efb50314c94a,Willa,wconsidineqv@de.vu,CN,14-1-2025,
dc7fd321-a0cd-400b-99f8-aa2e8ce6a573,Dwain,druckhardqw@goodreads.com,HN,8-11-2025,
3ba236f4-cbd1-4f3d-8af6-81799a099b44,Chantalle,csherrardqx@goo.ne.jp,UA,12-7-2023,
5cf1163f-feee-4197-bba4-f42515048d3e,Melinde,mcargoqy@netscape.com,CN,6-8-2021,
955f3048-c3b3-4bf1-8cf3-faf515ee89fd,Henderson,hloaderqz@goo.gl,BR,27-3-2024,
0e0ebf8d-039c-42e0-a8d6-73b7c3543fc7,Leodora,lohannenr0@thetimes.co.uk,CN,8-9-2024,
7192db6d-1a50-4eb0-9f08-2699d73f0133,Kelsi,kgaddier1@hp.com,RU,30-8-2020,
c3eb623b-d34f-415e-9f19-acd82be61da1,Cully,cphizakarleyr2@vkontakte.ru,UG,27-5-2024,
a6725517-64e1-4983-b1ab-5b9b1518ac0b,Hercules,hpaternosterr3@wikispaces.com,MM,22-9-2025,
7a4d667f-5d59-4111-8d6c-4f7643590a03,Sisile,sroyster4@cargocollective.com,JP,30-4-2024,
bb213b31-86eb-462d-91b2-464563561356,Delcina,dfliegerr5@globo.com,CI,19-4-2020,
53458b2b-f57c-49bb-8a6f-8b8656dfb116,Chantal,cjohnesr6@dion.ne.jp,CA,22-2-2022,
b50436a1-f5e8-4afa-ad2c-47509265df48,Opalina,oquantickr7@washington.edu,ID,15-4-2022,
f046651c-bbe0-4088-9dc7-af06bd44a827,Florette,fwillarsr9@t-online.de,CN,21-3-2021,
23aba93d-d375-46d3-b252-986d23072884,Jaclin,jbattlesonr9@dell.com,RU,16-7-2021,
d2d21eeb-2422-40ef-9dae-9ed324ab9cd2,Rozanne,rvannuchira@yellowpages.com,CZ,5-9-2020,
58cb2f55-bea4-40ed-9b38-c66a00e2a2c9,Irma,iwhylierb@t.co,SE,14-11-2022,
9d44fd70-da5b-429b-a512-d15578e7817c,Yanaton,ywillmentrc@apache.org,CA,17-5-2020,
1f98ff7a-8a7c-4c8d-9c6a-7f7cdc6fe83f,Bondy,bhalkyardrd@ehow.com,PH,9-2-2026,
2e20ea68-dd32-4299-9212-71db659ec56d,El,ebromontre@deliciousdays.com,BR,19-8-2021,
96ac2f2d-a4c9-4033-84e9-174be6225ab0,Neely,ndishmonrf@columbia.edu,PH,17-10-2025,
b7a0b19f-74b7-4b0f-93ae-3fedfa12af26,Edythe,efolcarellirg@walmart.com,CN,22-9-2021,
aba49d8d-1dc7-44dd-b6b2-84f2227f0333,Reinhard,rsigginsrh@paginegialle.it,CN,27-4-2021,
3f22bb88-d58d-4c16-b683-1311db7c854b,Augustina,aburnessri@istockphoto.com,NE,15-10-2024,
e6256c3b-cd45-4994-b025-9c37fb5afce6,Robina,rmahareyrj@ucoz.ru,FR,4-3-2021,
ce5aae71-bde8-4b0b-bc34-bcf1c9612d87,Jarib,jcricketrk@free.fr,PH,14-3-2021,
e22954f9-201a-486a-892d-d4e566f471e9,Issie,istutterrl@shutterfly.com,BR,23-3-2025,
d24c92de-39f9-4f40-a78a-dc42ade19cb5,Melvin,mscallyrm@biglobe.ne.jp,VU,11-6-2025,
f910a4ed-85ac-4f9c-b45f-774da2d82616,Walliw,wshankrn@hao123.com,RU,10-8-2022,
66e4d72a-10c8-449f-bf3e-d551f3b0dffd,Lorrayne,lwaylenro@elegantthemes.com,PT,16-10-2023,
3ab2dac9-c157-47f4-9ae7-36588de35a52,Sada,ssnelsonrp@rakuten.co.jp,CN,7-11-2022,
f5f72471-11d2-4dd5-9ffc-48192583586f,Bethanne,bbickellrq@google.de,PH,25-9-2024,
f0be3fc1-f706-403b-9c07-610cac8ce879,Dotti,dcurnerrr@ezinearticles.com,BG,5-2-2022,
