CUSTOMER_ID,CUSTOMER_NAME,EMAIL,COUNTRY,REGISTRATION_DATE
69f22118-e27c-451f-b00a-70789c92d18a,Horace,hvesque0@bloglovin.com,PT,21/4/2020
9c2991e0-324d-4a48-bae7-4f246aece701,Kariotta,kwordley1@admin.ch,CN,4/11/2021
8eb84345-9949-497d-bb74-2aac4697a66e,Alvan,afenny2@wikia.com,AR,2/2/2022
1ec6c1b5-6e83-47d2-aafa-29415861d2b8,Marrissa,mbohan3@patch.com,PL,18/9/2024
43470852-399d-4ebf-adaf-ade6ffee4c47,Jackie,jkempston4@sphinn.com,SE,29/1/2023
ca6b6667-482e-49d4-bf36-625ced38718a,Coralyn,cnoakes5@goo.gl,KR,2/6/2022
ed959ab1-84b3-4105-a310-1958aa9f2f49,Prince,pwrotchford6@livejournal.com,CZ,25/12/2021
a19408b4-a421-4440-983a-4d39a017b19a,Tymon,tjoron7@amazon.com,HN,10/10/2022
374ddad9-1d73-4099-8449-4e6fd7c941cd,Zechariah,zimmings8@gizmodo.com,NG,16/1/2024
b2eeafc3-c443-483b-a730-815cd72642a7,Verine,vdannohl9@economist.com,CN,30/10/2021
0af52f4e-0bca-4a49-8c80-72906903fc4d,Artemas,anoltea@networkadvertising.org,TH,17/3/2020
fb316e24-620c-46eb-9b33-93f0a769cb29,Tomlin,tpurchallb@furl.net,PT,29/7/2024
b0c8b7f5-637a-4b3b-bf02-d8e9d6a31539,Frieda,fbeckhousec@surveymonkey.com,CZ,12/5/2020
78bd095d-6191-4f19-8db0-4364a4b78bb8,Faustina,ftoolind@pinterest.com,CA,10/10/2022
73bc58e6-6d9c-494c-a2a9-32630c690431,Naomi,nwanklyne@csmonitor.com,BA,22/4/2023
df15d6d1-4b96-4576-aa87-59c6c3c56474,Bogart,bpinaf@youtu.be,PL,26/8/2025
4c39ea7c-4877-4742-ae28-ce248b7c9988,Zea,zbonhomeg@nps.gov,CN,13/8/2020
ecaeb1b7-3d28-4851-9966-4cc13b8eb33f,Ephrem,emitieh@archive.org,ID,14/6/2022
f63245d3-1e30-4a75-a901-81a635838b3c,Michail,mletti@privacy.gov.au,PH,19/9/2025
a6fc9789-5f23-4135-910b-78a6c416895b,Clovis,cmollenj@de.vu,KG,10/11/2020
e570a5ab-dc1c-4784-bcd3-02b8a337ac78,Izabel,imillank@instagram.com,CZ,29/2/2024
b553c677-d0f7-4f79-b707-8a78903bc6e5,Dyana,dledgertonl@nps.gov,PH,29/3/2024
a22edb4f-e1ba-4aeb-b334-17eca6df7b2c,Mateo,mroddym@blogspot.com,ID,30/6/2023
a2088139-59f2-4be6-afba-a6fbe3575179,Cristal,cmcnirlann@nymag.com,NZ,4/2/2022
e097a176-1d41-4b55-8c85-0a4a6054b2f6,Paige,pdemageardo@goodreads.com,NI,19/5/2020
046e286a-a78b-42f3-bed2-d4406514429d,Salomone,sjunesp@youtube.com,US,10/6/2022
94d76340-8b5c-4488-832a-6c1b95b62915,Gino,gtyreq@bloglovin.com,PT,17/11/2024
62f0536e-9775-48b3-ba23-e9d38fb15dd6,Thedrick,tmcquinr@google.com.hk,PL,21/12/2023
5483e64d-1177-4bcd-8b22-de19f2435649,Myrilla,msmallpeices@huffingtonpost.com,IR,8/2/2023
9376e077-ff65-4e21-9555-5e9f3edd6096,Stanislaus,smcmurrught@biglobe.ne.jp,RU,31/8/2024
4005b88d-3a62-4db6-b33f-52855d6d0597,Garnet,gbillingeu@economist.com,PH,28/10/2024
4af17edd-7f08-42e6-8fec-ae046071df9b,Hilde,hwreightv@rambler.ru,PT,5/5/2024
3f0d7c93-0635-4001-8925-fe62c9cdd3b4,Bancroft,browleyw@eventbrite.com,ID,5/9/2023
f68d8388-685b-4e0a-9a74-ef12c7dd5096,Dix,dcoxheadx@wikipedia.org,PE,20/5/2021
ad87f0ff-1e35-4da1-b106-4c80e707c064,Jessamine,jrenniey@amazonaws.com,GT,19/7/2024
096c93b0-e9b0-43c5-a6c0-dd47afc407fc,Carolann,csnaithz@cam.ac.uk,CA,29/12/2020
cd8b0399-f4c9-434d-b088-9a3e2720e6f2,Johnathan,jdionsetto10@google.nl,ID,7/11/2021
f2fc34dc-b551-4327-ac76-f01ba95897a5,Lennard,lalu11@google.de,PH,14/11/2022
d6eae2ad-09e0-4e0b-99b2-5db4a2940cf9,Stace,sacres12@washington.edu,CL,11/7/2021
24655b3c-36b2-4762-9975-b5477fd09fdb,Dale,dwhinray13@house.gov,CN,3/5/2020
9e955015-67a5-4a4d-abba-27b75c430f25,Babita,btwatt14@forbes.com,CA,28/3/2025
29309e20-43f9-4138-9e25-9d2db3b5ee19,Valle,vnaisey15@printfriendly.com,TN,14/11/2025
71d8a20a-9ee8-4bc0-803c-06932c7ddfac,Margalit,mradmore16@patch.com,CN,2/3/2023
5dceafa6-b8d6-4f90-84fb-9961ef1458d5,Robin,rdunstone17@weebly.com,ID,15/12/2020
03a8472c-16e2-4a62-8aa4-ab13576fd5dc,Alaric,alaughton18@tamu.edu,CN,11/5/2022
9a26894c-9989-49b1-8065-b2d49059a7ff,Emelda,ekitcher19@mac.com,FI,21/11/2020
ee0c39d6-3e3f-4643-aecd-64b819e06579,Reid,rchidgey1a@spotify.com,FR,1/9/2020
5c8848b2-1dd5-4f4b-b160-5b0564a2ef79,Franky,fvenditti1b@networkadvertising.org,CN,8/5/2025
a73e7513-b26e-4270-99f8-e2b9d0144449,Florri,fnapper1c@wsj.com,CN,3/1/2023
e0d89b39-a168-4629-9fe6-ea351b09a07f,Michele,mmanns1d@trellian.com,NO,20/3/2022
6b46e2d8-efc0-4f95-97bf-a77f66d0b6c5,Finn,fcoulthard1e@cafepress.com,CN,7/6/2025
989ebf4e-74a7-4b50-ad26-17613d4410d0,Jaclyn,jmorris1f@hhs.gov,PL,8/6/2023
3b3fc428-8822-4b73-b3a6-49cd56be5d1d,Wilek,wbedberry1g@studiopress.com,AZ,10/10/2022
b58c330e-1570-418c-a967-fb1c4eb36931,Eustacia,elesmonde1h@go.com,ID,1/9/2024
5bf39cdf-8575-4e97-9307-3fda915836c5,Lyssa,lemlen1i@github.com,PE,10/8/2021
86377dba-9443-4165-bba9-4458b375fc0e,Christi,cdudson1j@uiuc.edu,SI,2/10/2020
b5853c8f-7086-439d-ac4e-5cf75a3f463d,Wayne,wbroadhurst1k@domainmarket.com,TZ,30/6/2022
9a55b857-905e-487a-9f5c-b598bc7d1abb,Caro,cfarady1l@microsoft.com,PH,18/2/2026
20b8a094-4c32-4f8e-9e35-cd8ce99483ac,Mort,mhatliff1m@bizjournals.com,PS,16/8/2024
80d49c76-da09-426f-8dd0-54aba816bdaa,Rodi,rinstock1n@github.io,PL,25/5/2023
041f388d-c3db-4a9c-8bbf-5aa4398c7992,Dallas,dtapply1o@google.com.br,ID,9/4/2023
59b3a14b-57d2-4623-9d6d-09f1071f157a,Cortie,cwendover1p@posterous.com,BR,15/12/2023
d6f36a29-69ba-45eb-86b0-4adcefdcb875,Olvan,odurnall1q@usda.gov,PH,4/9/2022
994aa6a9-8fc0-4b25-a755-c56af03f948c,Julio,jkalisch1r@cbslocal.com,TH,27/11/2023
1552bfbc-cbb2-47ec-b24d-6a5a1922558e,Jemima,jcasacchia1s@forbes.com,ID,5/9/2023
a329ed5a-119b-4b86-aceb-eb49d3a94e7a,Ethel,epearse1t@admin.ch,ID,24/5/2020
967f8289-5ad4-4638-bf5c-149acb8965b4,Fletcher,faikman1u@admin.ch,ID,17/1/2023
ccd20862-4d5a-48b0-8100-2bd0cfcc94cb,Celka,cleathlay1v@icq.com,JP,29/4/2023
5818bf12-fce1-48f0-a6e4-cb15cd064873,Emmy,ebartelli1w@theglobeandmail.com,BR,21/4/2023
e54aac01-f539-4751-b44f-5832f722e79e,Rosalie,rstealfox1x@spiegel.de,ES,14/3/2024
89f35714-8c76-4d42-99fd-8b09aae9d908,Stefa,scraiker1y@usa.gov,UA,13/5/2021
87f052cb-f005-473d-aeff-24472e0ecd9d,Jakob,jbrearty1z@businesswire.com,CN,10/4/2021
1c0f102e-52e6-413a-b98d-69504832471a,Rutherford,rfulop20@globo.com,RU,14/1/2024
4e0e01b1-e112-4997-b1d9-2caf06ec9a81,Reiko,rjonke21@nifty.com,CN,10/7/2020
825f3a76-0284-4b09-b9da-00be84bf4ea5,Enrico,eiacobini22@histats.com,ID,1/10/2022
c6bc68b6-bb4c-460a-9bb0-c799a693f889,Haslett,hmarsters23@rambler.ru,CN,3/11/2023
da618955-6514-4f60-83bc-bc395539f4db,Domeniga,dbalding24@google.it,SN,19/1/2026
8b594e9d-a058-44a1-ac86-0a6e47bc0567,Arnuad,afrancello25@china.com.cn,FR,25/8/2022
4240ade0-9ebe-43d0-a863-d9ad287b2ad3,Joseph,jdangelo26@cornell.edu,HN,2/1/2023
27c4b56b-f684-45c4-b365-a2c1a7bd8741,Kiley,kyepiskov27@blogger.com,CN,7/3/2023
5266e632-2b6a-426c-9707-a340ddeff752,Darsey,dknappett28@cbc.ca,CN,16/4/2021
a1a80fb9-a0b5-48dd-a1f2-1125a8bc8318,Joaquin,jblyde29@meetup.com,HR,16/10/2025
e6e2c2f1-1ab2-4b36-ab21-ed2c78351ae8,Rozalin,rvonderempten2a@jigsy.com,FR,29/1/2021
7136d4ee-1654-4bc9-bd13-5e58b16e7725,Quentin,qcomoletti2b@umn.edu,NL,3/9/2024
8afd4b6f-3eac-4e7a-b6c6-a7b9c72451eb,Maggi,mskitteral2c@google.com.br,JP,23/5/2021
a6eb92bb-6378-46c4-9611-2aa58d03844c,Jackson,jpodbury2d@ed.gov,CN,28/8/2022
3787bbd9-6c3d-4517-b515-abb2cac82ac0,Renaldo,rosheerin2e@ezinearticles.com,CN,6/9/2022
994564e5-f9e1-4256-a57b-e71c460e5041,Petr,pbister2f@java.com,TH,30/4/2022
f5ef738c-2eb0-4034-a018-91c6d22b6e84,Hailey,hforsdyke2g@ycombinator.com,BZ,9/3/2022
bfcc2fcf-42b5-47bc-b641-a52c0a2cc5b8,Creight,cmaccarter2h@altervista.org,CN,5/11/2022
a20bbdb6-fb7c-4cbd-a8b0-f55935cb71a2,Ebeneser,ebentame2i@salon.com,RU,27/9/2021
1e60904b-f6ca-48a3-a797-8d0e705413fa,Erek,eskillen2j@cnet.com,IE,29/4/2022
3aa6fcb5-9abf-483f-89aa-e93a35ab1866,Sigismond,starborn2k@irs.gov,NG,19/4/2022
126686fc-c742-4c8c-bb79-9e158a454d88,Christian,cjerrard2l@nps.gov,ID,31/7/2020
cb977297-d7cc-4a41-a4e9-aa5a6142656b,Evin,emaior2m@linkedin.com,SE,27/11/2020
749f7958-50a1-4135-bdb6-474117a1e3bb,Ebba,etift2n@mysql.com,KZ,2/3/2024
5ee44a97-ff6d-4f46-8855-2dc817cd5754,Kendall,kcouve2o@a8.net,PL,2/1/2021
25b71f84-e676-46bd-8660-1cb4a5be371f,Gardiner,gwoodyer2p@friendfeed.com,ID,16/12/2023
937b8e25-bd63-48d8-b465-ef0f10db19c6,Rodolphe,rhrus2q@amazon.co.jp,BR,10/2/2026
961f82b4-ec0c-4bb1-9fd7-4965e259ad58,Fredi,fsummersett2r@is.gd,ID,22/6/2020
a021546c-ddf9-4527-928a-90515b6c74c5,Pepillo,pleebetter2s@boston.com,CN,8/7/2024
fbf0d192-4c83-44ec-9517-fd0f6bf52467,Larry,ljaouen2t@bigcartel.com,PR,12/6/2024
19e304f0-cf0d-4572-a307-341367536a93,Karolina,kespinas2u@issuu.com,FR,30/9/2025
77dabfe4-84fb-49e9-980c-0d035ef63420,Hettie,hbankes2v@walmart.com,MA,6/6/2024
f8c30d1e-76db-4d69-8967-1571097fc938,Daffy,dmaton2w@columbia.edu,AR,16/12/2020
973aa66b-d145-468e-b171-ea10013df91c,Stacee,sbedberry2x@twitter.com,PH,23/1/2021
afcdc784-7e0e-405b-9486-e53948948820,Rad,rtonna2y@washingtonpost.com,FR,8/9/2022
6d672a8c-20dc-4fdc-9400-d2043b558408,Miguelita,mjerratsch2z@qq.com,ID,24/1/2024
eb16034b-7edc-43c1-8016-1da517550595,Jannel,jbelz30@msu.edu,PL,7/2/2024
f548dbdc-ed71-4213-adf6-ccb3789929c4,Anjanette,amardee31@devhub.com,MX,29/3/2023
ec9ad4b2-671d-4205-882d-9fb4470d946d,Ingrim,iduhig32@vinaora.com,RU,4/1/2021
b3090cf6-61e3-40cb-9092-07d3e2ba56f7,Cora,clindsey33@usatoday.com,BR,23/4/2024
7f30f2b6-4a92-4450-8b6d-a87d3843f9f2,Elisabeth,ewaddicor34@phpbb.com,PH,10/1/2025
6d96badc-2fc9-4ba0-9803-c3bba3f4eb1c,Harriette,hpoints35@msn.com,ID,19/9/2022
ddd41c2d-b6b9-4298-834d-1b6ed4af43c4,Marika,mglencros36@baidu.com,ID,7/3/2020
48670656-d73e-4064-be8f-bad1fcea8917,Allissa,akabisch37@illinois.edu,ID,25/11/2021
d73c455d-089c-4dd0-94c4-82199042265a,Carleton,clainge38@fc2.com,CN,28/12/2022
03a05a5e-dac5-44cb-92ba-b5986f8b4d7a,Karyn,kdecruce39@so-net.ne.jp,AR,10/8/2022
23c9642e-ebc9-4fe5-9b74-fbb30f15ba66,Tess,tludman3a@addtoany.com,ID,25/7/2024
46dcf469-2f2f-4022-b6ff-128fe9a5b76a,Evey,ekrolle3b@bloomberg.com,RU,22/6/2023
263d2f19-f87b-48b6-a45c-b5cc7af85cdb,Danny,dmuckley3c@shop-pro.jp,MX,7/12/2023
2f97aac8-662b-4594-885a-3c81056e41f0,Winnifred,wcamamill3d@netlog.com,PT,30/5/2025
71e2e7a9-a0e9-43a9-b4e8-5bd53d4617dc,Arlen,anewick3e@wikipedia.org,PS,18/10/2024
b9fc7661-9518-4615-b15c-20fb795d5113,Mark,mcausnett3f@tamu.edu,CN,8/3/2022
e27852d0-caad-4228-8629-69b3d384f0c9,Dulsea,darnaudi3g@tinypic.com,US,5/10/2025
ca38b5ca-07c6-41a7-8f0b-e5bda0ab4af6,Garry,gmanis3h@nps.gov,FR,18/1/2021
133d2179-63ff-4999-bca7-cb75d06e01ca,Franzen,friddock3i@google.com.au,PH,27/11/2022
2160251f-e6a8-4bd8-8277-b74776d443ca,Pate,psecrett3j@sohu.com,CA,16/1/2021
2c5bc071-415f-468a-b1c2-32c6c07626c6,Lorraine,lcroote3k@networkadvertising.org,MM,29/9/2020
743a08a1-f089-4412-bdd8-083c0f7d2aa1,Philippine,pcomi3l@census.gov,CO,28/6/2020
06d21645-6037-46c0-991a-21687f3e4e62,Gwenette,ggiocannoni3m@msn.com,CA,3/9/2021
ccad8975-5b5a-44ba-89fd-12fa848cc1ca,Cosmo,ctourmell3n@so-net.ne.jp,ID,7/6/2022
7a59c455-7141-4a0c-aee2-25230d9bbe28,Codie,cmaggorini3o@telegraph.co.uk,CN,30/3/2020
12729195-7751-4f1d-8f8b-a2f33088a995,Enoch,evernon3p@blogtalkradio.com,SE,10/3/2022
a94da6c6-deb8-4afd-8942-d167fb6d2605,Ellen,educarne3q@accuweather.com,TZ,24/10/2020
82ae7652-dfc3-47d6-8c51-9d13a8789aa4,Elnora,eleel3r@google.nl,PE,2/10/2021
82750917-982b-401e-bf89-b45011a03ef7,Tandy,twhetland3s@accuweather.com,NC,19/2/2026
1da8d680-7800-486e-993d-2c7839645467,Reinwald,rdanaher3t@homestead.com,BR,30/7/2022
04e89993-0066-4f11-8821-f28cd7ffd918,Vin,vikringill3u@creativecommons.org,IE,1/5/2020
d40b4cff-8dc7-4b75-95dc-03a8eeb0711e,Meade,moubridge3v@epa.gov,SE,4/12/2021
41eff134-8d0f-48a7-af34-43f23089310d,Kahaleel,kkeppie3w@nydailynews.com,CN,4/11/2024
a870acae-7ebc-4821-9500-d49dfe7e42ac,Irma,icrighton3x@yolasite.com,PH,17/3/2020
e68d965d-c1dd-48b4-9cdf-96f5af637ab5,Karlotta,kkersaw3y@elpais.com,CA,9/10/2025
7b6fc2f1-c0ff-4406-a9e5-48de9e750869,Jodee,jdigweed3z@goo.ne.jp,VN,19/6/2023
26489504-67bc-4eed-9644-883bb43778de,Margaret,mcowl40@freewebs.com,CN,15/1/2023
6202265d-f572-4112-9f39-ec6853da9b9f,Sterling,smessum41@vimeo.com,CN,11/11/2020
04723c84-10c1-49fa-b481-a0ccbc34c76c,Olympe,odubery42@booking.com,HN,25/9/2021
3def5349-8a92-4918-ab76-b8c6323d1bd2,Ugo,ubissett43@angelfire.com,FR,8/10/2023
63993136-8fa4-42c6-b094-faa1b8d82c56,Taite,tmacard44@vkontakte.ru,PL,12/8/2024
dc524bbb-b06d-4102-8343-42cda7e97489,Tedmund,tpanichelli45@ning.com,GT,2/1/2022
0612e6a2-c05d-4c8e-9881-eed431b4bcfd,Antonio,asaxon46@github.com,CN,18/9/2024
1a47a9fa-bad8-4319-857d-69162cc663d8,Mal,mhunnawill47@umich.edu,PS,18/3/2025
887644f3-f5c3-445b-a6a0-791da2213ff9,Matelda,mspiniello48@ucoz.ru,SE,17/10/2025
85deb77a-396d-4109-9ac6-0a7d11f18762,Toiboid,tormistone49@nature.com,BR,4/1/2022
1df86c63-0240-47b4-b055-6a0aa112fc3d,Emelina,ewhittet4a@1688.com,SD,30/10/2022
a0891df5-cb55-4a67-8ff6-84c2eb1471e0,Norby,npala4b@deviantart.com,ID,22/11/2020
f996a72e-6f03-42a4-b3a1-09b6dc185f8e,Thadeus,thanratty4c@scribd.com,PL,17/11/2024
0cfecd8c-f12a-4bb6-921d-11c2a7a06a6a,Haskel,hody4d@hc360.com,PL,26/10/2024
2b8989e7-9ec9-4893-9e51-0f9c5baeefd7,Eb,esmaleman4e@businessinsider.com,CN,16/11/2021
d66f8dbc-362d-4ad2-888f-8079feff80d4,Claus,cpeare4f@tripod.com,BR,14/5/2024
562a8cbe-7632-4468-b6ae-3313accaec07,Jesse,jbrocket4g@walmart.com,TH,12/10/2021
1f2a19a7-8034-4cf6-b549-c8c94b3e7780,Bettye,bfipp4h@wikia.com,ID,24/6/2023
aa9f0041-e280-452b-9224-d9f3523f2fa6,Sammie,sbeckinsall4i@npr.org,LY,27/5/2024
4a606b9f-5415-4b31-9588-46eb862e708d,Cirstoforo,csimner4j@ezinearticles.com,AF,29/1/2021
02c39982-23d2-4918-bd61-f781f17549ab,Floria,fellicock4k@wisc.edu,SA,4/12/2024
11ba57a8-076b-48b8-b45d-55bc9999acf1,De,dfragino4l@zimbio.com,GM,16/4/2020
3abcc30e-1b1f-418e-9c4f-73f2530176ae,Mirilla,marrault4m@skype.com,PE,24/8/2025
13c514d8-7578-439a-ae0e-84b42506faa6,Randee,rconnerry4n@amazon.de,FR,27/9/2020
fb875851-bca4-4ac3-bcf0-3a124ab60d34,Byrom,bspruce4o@feedburner.com,GR,5/1/2023
39dc5869-101d-4f99-b7b5-ea72c1257003,Raquela,rluetchford4p@theguardian.com,PH,17/4/2020
c3318818-65b0-430c-999b-a945c726ac9c,Lory,lkiddy4q@unc.edu,CN,9/11/2020
c9b35181-7dc9-428b-a85f-22cc0470ec6c,Everett,ecasetta4r@1688.com,CN,20/8/2020
722d7a17-cd49-40c2-8408-abe600cd60a0,Celeste,cdyball4s@cafepress.com,ID,5/1/2023
5fb7075f-e9d2-40b3-ae2d-737d64eaf34e,Gerry,gmatiebe4t@weather.com,FR,4/9/2025
dd80d778-80a8-4bb6-9347-4c7cd8633fe6,Chris,csumnall4u@unesco.org,CN,27/11/2024
6f7df3df-4520-4343-a364-f1dc359568fa,Arlinda,aivashkin4v@multiply.com,TN,25/11/2025
2608eab1-110f-48f8-b97f-ad8d7e6c8a51,Joanna,jbarstow4w@economist.com,LA,28/11/2021
bc77f7ad-8390-4f79-b12d-94e967a96b0b,Taryn,tsandercock4x@homestead.com,CN,14/9/2024
c543cae8-cd59-4bad-b8c3-14a4c2e286a1,Odie,omcgilmartin4y@prweb.com,HN,28/7/2020
916e6b8b-2417-479d-8def-43a794fcba2a,Tait,tschuelcke4z@angelfire.com,CA,24/2/2026
dbba1d4c-fcb5-4736-a48d-c7f27a0a130d,Gordie,gmeighan50@ebay.com,CM,12/3/2021
0e460155-f47f-4dd7-90d4-8f8020b3b3aa,Joane,jeasterfield51@google.cn,TH,5/7/2024
f351e35a-714d-4537-a725-da2b0578ea09,Tonnie,tcicculini52@imageshack.us,LT,26/4/2023
5e104e89-9a90-4bf5-a543-f8576bcc3eb9,Gottfried,gdeem53@eepurl.com,MZ,21/3/2025
3aa59a08-bfae-4f86-a5a0-c7705753941c,Dalt,dgavrielli54@pinterest.com,BO,30/12/2023
e60f4534-7266-4e35-b508-13ecbeb51135,Curry,cahrendsen55@eventbrite.com,FI,19/7/2021
bfb5ad23-aa8d-4296-8b63-4383ee20a2e5,Lalo,lwallman56@walmart.com,CN,18/1/2025
63946c20-2bdf-4e2c-9405-0d7155dd147c,Rosabella,rbromehead57@acquirethisname.com,ID,18/5/2025
c4bea2f1-be66-4173-9b43-fa7e2d56e53b,Gonzalo,gfullilove58@stumbleupon.com,CN,30/3/2022
01cc9fea-9f8f-4a68-b7ea-d13b2776ccfe,Lorita,lkretchmer59@vimeo.com,CN,22/5/2022
d8bde2b5-70db-4614-86c8-630071361342,Pedro,psanpere5a@nyu.edu,MG,4/6/2024
834eabfc-43c3-4662-9850-07b672b955b3,Dulcea,dclewlow5b@samsung.com,RU,16/8/2025
9c83cec8-8584-420c-82af-22d68bc4558a,Rivkah,rbaldock5c@storify.com,BR,15/4/2022
6daa13a8-1bab-4999-913f-869bf6575091,Shelia,slaughnan5d@drupal.org,ID,19/6/2023
32c32bde-a643-4733-b582-de55e3cd105b,Jenda,jpescod5e@trellian.com,CN,25/6/2025
c4f3005d-824d-42b4-b300-bab2628bd205,Evyn,ejustis5f@etsy.com,PT,25/8/2020
24db5450-f1ea-40c3-a52b-d33f11fce185,Barth,bbogies5g@washington.edu,PH,29/7/2023
b37dfc61-33b0-469e-9ca5-6a2adbf09163,Mattie,mclyma5h@typepad.com,CN,11/9/2025
6b05a9ee-0235-4caa-bdf3-ba7214401741,Zsa zsa,zdewitt5i@sogou.com,GR,18/3/2020
0a1f6452-e557-4712-8fd0-414610f10858,Arnold,abarnham5j@jiathis.com,PT,29/8/2022
41b12c61-ebbc-418b-a85f-a559323a82af,Joete,jmckoy5k@ning.com,CN,18/6/2021
33a3d410-2b2c-4d67-b1de-199e406811f2,Ediva,etimmens5l@free.fr,PH,19/6/2020
ea964bc7-b7f2-4d52-b348-dfce1ddbf9c5,Guinevere,gsteggals5m@multiply.com,RU,22/5/2025
9f2b92fb-ed44-4828-98ef-985d43246cdf,Jessalyn,jcoleyshaw5n@clickbank.net,RU,30/4/2023
b5d0a9c2-58cd-426a-9056-aebba7d3edef,George,gpusey5o@nytimes.com,TH,7/10/2023
c9d5c751-f47b-4a34-acd5-1bc686da05ec,Orazio,oredsell5p@com.com,AL,26/3/2025
5637492a-6a32-449f-97bb-da0e33abcec1,Tami,tbranwhite5q@rambler.ru,PH,2/6/2022
e8c06d9a-a8a7-493e-a75d-2b68d8b95849,Dallon,dcrewther5r@geocities.jp,UA,27/3/2023
ef565ced-c3ae-4e8e-97b0-07a89a723de4,Brant,bteodoro5s@sbwire.com,CN,16/1/2021
c369f10b-db27-42bb-bd0e-17096ac5d688,Chelsy,clevett5t@fda.gov,IR,25/3/2024
931ea591-bffb-4534-96cc-dad60e233bc5,Odele,omarsham5u@sphinn.com,MT,12/8/2020
c3e7e138-14e5-4021-ab8b-9935621563df,Pandora,ppye5v@epa.gov,FR,12/7/2020
44bd57ab-d840-4650-a36e-9dc09cd592d1,Florina,fklaaasen5w@ox.ac.uk,FR,7/6/2024
d9f5f80b-5517-45bc-ae48-c45e60b5ea0d,Saree,snoyes5x@cnet.com,CN,8/1/2022
fc115745-17ce-47c3-b504-1471b1944b19,Wyatan,wmcgeoch5y@lycos.com,CA,19/10/2022
9404a3ff-e807-4eaf-b2fe-37740f5ba77d,Modesta,mmckernan5z@1688.com,CN,18/2/2022
ac7c7ee1-1a1d-4f67-b042-fb3c653e5155,Cortie,civimey60@gravatar.com,CN,29/12/2023
7b15522f-4fd2-4b82-8136-24b150dc1343,Tom,tmcmonies61@intel.com,ID,9/7/2020
aea92207-275c-44f0-832a-7a053badccf4,Austen,afurminger62@jigsy.com,VE,26/11/2025
6b4586bf-5bf4-449e-a7c1-7f32920c57cf,Joell,jschulke63@sciencedaily.com,CN,16/11/2022
c4bc0e1f-b603-49a4-b598-14756d7a771a,Liam,lmcbride64@jalbum.net,BR,11/4/2021
d090fc81-6030-4005-8a87-d5d1c01fc52d,Beauregard,bmurray65@mashable.com,ID,26/5/2024
cab4d376-3d02-4694-83e0-bef019e31bc5,Clywd,catwood66@ucsd.edu,ID,8/5/2025
f8bd30fb-1cb9-46c9-834f-91901dc74e05,Jehanna,jdearlepalser67@photobucket.com,CU,21/2/2022
fa0eb60a-c2fb-4c4e-b6ec-fd3f78cb7248,Nelli,nchampagne68@chron.com,CN,19/7/2021
43ec71fc-354e-414d-b4eb-456396b789ac,Lynelle,lcorrado69@toplist.cz,CO,12/6/2023
f066375d-a68e-48a7-9730-d34e1059dccd,Ilyse,imeates6a@jalbum.net,PT,6/5/2021
ee1524e6-041d-4c1b-8071-a01f4bbbb009,Jasper,jsach6b@wiley.com,ID,16/1/2021
07496ed5-41d6-4dd8-9bf7-4444e39edca5,Findlay,fblakeston6c@ning.com,BR,23/12/2021
253ec53c-009f-4c7b-bb46-64be31a2e9b1,Lowell,lsandercroft6d@bigcartel.com,MY,23/8/2022
f3b0c99e-f652-44e5-86c6-4fad7278a792,Malorie,mlambole6e@epa.gov,CN,3/6/2022
62444245-158d-407e-a7de-ff2e21802ebd,Hannah,hhaugh6f@photobucket.com,LV,5/2/2024
229b7f13-4ab3-41af-b071-cf5725ded3bb,Carmine,ccussen6g@mapy.cz,CN,17/12/2024
ffa12511-6734-4c77-9306-466aaf9bad74,Danika,dkenneway6h@linkedin.com,FR,31/8/2025
de74fc71-1370-4b95-b858-9b4ce507691b,Ilene,imcmains6i@fda.gov,PH,13/5/2025
96333d9f-2839-4afd-9c9f-153803f92ccf,Ashby,aeicke6j@miibeian.gov.cn,CZ,3/3/2022
cbc39c4a-1fa7-4e36-ab79-f8d13a228249,Bevin,bsaffe6k@vimeo.com,US,14/2/2025
40074b92-e0d3-496c-b076-757b60c94ef9,Jilli,jipwell6l@clickbank.net,ID,30/6/2022
525ecc5a-b9aa-4029-946b-a89d28b5c893,Rem,rashington6m@craigslist.org,ID,5/7/2021
b3d8e37b-7cae-4849-8ae4-8b90820e29cf,Jaynell,jgladwish6n@google.it,AF,13/7/2020
707a83cf-e245-4968-b3bf-bd1b0b7c6e36,Cheslie,ceagar6o@ocn.ne.jp,RU,31/3/2020
e4b9544b-7dd6-463e-8ae8-9791c379511a,Etty,ecarbert6p@cnbc.com,CN,24/6/2023
d289ebb6-b786-408c-9a54-eb9de8914329,Adaline,abernucci6q@simplemachines.org,ID,21/10/2022
f196a313-4b2e-4c5b-85ca-380c340047c5,Yevette,ycanter6r@archive.org,NP,3/9/2020
c2800731-3ecb-4947-9ccc-635658e6db30,Sherlock,sstevens6s@google.com.br,ID,20/2/2026
70c4b214-288a-4a07-b27f-b2a8cbe90eeb,Gannon,gleworthy6t@discovery.com,PH,15/10/2024
a77d89c9-71d7-4995-a19f-d928ec51b6a9,Nicholle,nwince6u@fc2.com,UA,8/4/2024
518f1503-ac76-404a-90c5-072a58f84f9b,Theobald,tetock6v@dailymotion.com,BR,10/2/2025
7dff5bed-ab06-4859-93a6-86d823555d2b,Selina,spomphrey6w@vimeo.com,SE,31/3/2021
20ce8544-1502-4767-aea4-bc3012fcb39f,Selia,sselwyne6x@barnesandnoble.com,CN,22/2/2022
92b0dd9b-0b7e-4356-b540-3361b09b1f59,Ryley,rtomblin6y@wix.com,RU,1/10/2024
ce907d9e-3ec6-43cf-ab5f-cfc3e55d7d1d,Arabela,atankin6z@privacy.gov.au,PT,7/4/2023
71a0fbb2-1ce4-42d9-9392-0a43195b6d82,Sheena,shorick70@intel.com,PL,10/11/2024
014a79f3-8658-4051-a948-9b204bb9bc10,Idaline,iarmytage71@360.cn,CN,2/2/2026
dcb7a2aa-c85a-4aaf-a973-bc01bcdf8166,Ware,wstredwick72@arizona.edu,IL,8/10/2021
b3c5935c-6f03-4398-b3a6-1ba1f5e2b902,Ximenes,xpiechnik73@bizjournals.com,GR,30/9/2022
695bc795-e05d-434b-80df-64ca7538490d,Weber,wsollas74@i2i.jp,CN,30/10/2020
20fb1d43-53ff-49dc-bf0a-cfef39f7bbd1,Rosemarie,rwhooley75@epa.gov,CN,9/3/2022
4ed455f8-d88f-4bc8-b2ab-a96131a5bf06,Kaye,klamberto76@ning.com,IR,3/10/2024
a2c0b589-d917-45b4-a019-0aef6fa47f4b,Gill,gleadbeater77@mtv.com,ID,28/5/2020
b6d3e5b1-cc76-4dd7-ada3-559601549860,Haven,hscrooby78@slideshare.net,KZ,2/9/2021
5ebbd3b9-da5e-40f5-baf5-8a03b03487ee,Hunter,hbonsul79@cnn.com,AR,8/1/2024
3f172c2f-6dc9-48b4-b8a0-d406f38403a3,Jarret,jfassan7a@nbcnews.com,US,24/9/2024
cf2cf01f-9c57-43c7-9ea1-841eab64b53b,Dame,dnaisbit7b@upenn.edu,CN,21/2/2022
f9750368-7352-49ea-8272-b79ab5415436,Myrlene,moakenfall7c@networkadvertising.org,CN,18/7/2022
b163ee33-e74a-4a03-ab23-88e92c5bd1dd,Alonso,abattlestone7d@about.com,PE,27/6/2020
6d53ee61-85b9-4663-a128-d06b864c7589,Brand,brawsen7e@harvard.edu,SE,8/11/2022
83fdb4dd-62d5-47f1-82b5-678e4c655a1b,Mace,mgerrelt7f@tiny.cc,ID,27/12/2021
00482a9e-19cd-4969-8d44-56d4cbb238ed,Orion,obolter7g@tumblr.com,UZ,4/9/2020
08f87ef8-09c0-4190-9100-3c245f68a757,Bartie,bhaddleston7h@zdnet.com,ID,23/9/2023
cfc09c81-d0fd-42cf-9647-3945bec1473b,Sapphira,spoltone7i@bloglines.com,CN,2/11/2025
b4854a41-0ce2-4400-8bce-2b776456ca8b,Fayina,fharniman7j@edublogs.org,BR,8/12/2022
f794378b-3c50-4717-9911-894dd7b1c97a,Loren,lbakewell7k@irs.gov,RU,11/3/2020
61d84ca5-284c-4826-8f26-84dd38591f96,Langston,lcraney7l@livejournal.com,ZA,18/11/2023
9a4a5050-c979-48c5-a2c6-5b5d733ba4fd,Shelton,sminchindon7m@japanpost.jp,YE,28/4/2025
e71ba27d-c003-41a0-a2e3-bc2e5727af84,Lorne,lgerbl7n@merriam-webster.com,CA,10/12/2021
8d1bb8e7-174e-4333-b5c6-7e0a84ab2638,Analiese,abettaney7o@gov.uk,CZ,30/7/2025
7f321dcb-ed5c-4ee5-b2a3-08666dfba9a9,Yolanda,ymenauteau7p@gov.uk,PL,14/5/2025
5e0eb3a6-3040-4c94-bfb2-7a5e230006e8,Dorine,daslum7q@i2i.jp,BR,2/7/2021
87809b35-3a63-4575-9028-691cd936b4af,Jacquelin,jrottery7r@technorati.com,CN,21/3/2020
fede3b10-2269-47fb-b5be-1c4017f1e399,Thorny,tbreitling7s@theglobeandmail.com,UZ,7/7/2021
32aabf69-5bb3-49c4-b23f-b580ef877ae3,Iormina,iperch7t@alibaba.com,BR,16/10/2025
89bb666d-e389-4e5f-a82f-22ada855c9ee,Susanetta,sgodier7u@yolasite.com,GR,22/11/2023
7e0b2f70-827b-4795-9805-e26bce6f9191,Kacy,kpincked7v@bluehost.com,PW,30/8/2025
89c737a6-2f94-47ac-8afa-639f8860d3ce,Susette,smcgookin7w@sourceforge.net,CN,4/12/2021
3c9b5541-5ca4-47dd-8e1d-6f17b568d1bb,Christie,cspybey7x@lulu.com,FR,9/7/2021
13145982-357c-47e7-852a-1cc60ee2ceb2,Kathye,ksawnwy7y@multiply.com,PE,3/5/2022
734d130f-ac15-431a-8346-da9301dac3f1,Ansel,adealey7z@gmpg.org,CN,23/6/2021
9a702ca2-9431-4734-a261-6c5322a01085,Ardis,aagnew80@businesswire.com,ID,18/2/2026
7e8c23c4-c49e-4e0a-830c-2bbd7b0842ba,Stefa,stremellan81@trellian.com,KZ,18/1/2026
85871b42-0b02-4824-a186-56d7f7072c8a,Deerdre,dpaddison82@mit.edu,CN,20/5/2025
98d01432-31ab-46d8-8219-22c30dfb3709,Corbett,cadlam83@myspace.com,RU,24/5/2022
9d2ac183-29b3-413b-86cd-49daa0b649c6,Lyndell,lhaacker84@moonfruit.com,US,4/7/2023
c5b37b1f-a8ec-4f37-9ba2-19dc12d65985,Keri,kcampkin85@t.co,CN,11/4/2023
05ca3b53-c20d-4585-95ab-40545dc5f355,Rosy,rstatersfield86@go.com,JP,28/8/2023
2c409cc3-a85d-4bf1-9f22-7fc6b13af985,Cathleen,cjamieson87@theatlantic.com,BS,21/11/2022
f370fceb-10d0-422d-babc-880487656ac2,Janaye,jchastang88@technorati.com,FM,4/7/2022
88c51110-9452-4bce-bfdd-7de3ec231fc4,Phillipp,pgibard89@indiatimes.com,CN,5/12/2023
184ed74e-b164-4af1-8c13-2983d0db0eb3,Hilliard,hleith8a@soup.io,AR,27/12/2022
0c7b6931-912d-4cfb-bd55-c02fe5f87ca3,Konstantine,keadmead8b@mac.com,CN,3/5/2022
eab4599e-e1bc-4c83-ac7a-bb8d716c2a2c,Brandon,bgeorges8c@who.int,JP,30/1/2023
29151b5a-cf32-447b-ad19-50945b78650c,De witt,dwinwood8d@uiuc.edu,CO,29/5/2024
769924a7-3bc4-44d1-a413-c876fa985e2a,Jany,jchadwyck8e@usa.gov,PA,19/1/2025
1470ca9e-5b75-4f9a-babe-d72d6edd556c,Nerty,ngosford8f@digg.com,SE,14/3/2020
8da45048-f08e-43c8-b2a9-ffbdb0c060ff,Adorne,akeeling8g@dedecms.com,CN,16/7/2020
55a61f29-259a-4bb6-a174-2c682abbe7aa,Jeane,jselwin8h@loc.gov,SY,15/5/2020
4a83ff0b-9836-4c44-b8a0-908978eedb92,Edlin,ebezley8i@typepad.com,JP,5/3/2022
3cab73e4-ad47-4305-9b19-8041ff824af1,Elsworth,eandrzejewski8j@wsj.com,JO,21/8/2024
2d0a4610-d98c-451d-9bbf-46a96096ad1b,Octavius,omcwhinnie8k@yolasite.com,ID,14/12/2023
2851484f-c0e5-4510-8e7c-95b3fcbfe922,Jewelle,jbarbey8l@icio.us,HR,28/1/2021
b7b4a469-b80b-402a-9cc9-e8989004a7ca,Alvan,apoile8m@hugedomains.com,CO,1/9/2024
4da07447-757f-41a3-b7f1-8d4eae7d6bd3,Wayne,wearle8n@chicagotribune.com,CI,23/3/2020
b2c2af12-6498-47e5-8405-2669524e95f3,Falkner,fdorrity8o@mac.com,CN,13/9/2020
fe2f2a62-dbaa-45da-b3a4-4856996ab074,Ofella,oashley8p@unc.edu,HR,3/5/2024
0ade35bf-a450-4dd7-80d5-a61832b5f33c,Daisi,dalstead8q@addtoany.com,NG,11/10/2023
1e1c2868-09d4-4d15-b193-316fa4dec410,Evin,ecollingwood8r@homestead.com,ID,20/5/2023
979c3c79-99c9-4afd-ae70-3675d484911a,Levon,lphelps8s@cpanel.net,KP,10/1/2021
6a6e1555-e6e4-4143-af47-16bcea23b58f,Babs,bprys8t@europa.eu,PE,21/5/2024
fb99460e-64df-4bc3-93dc-87a07d75fa1b,Egan,epretswell8u@utexas.edu,UA,24/10/2023
9c28148b-0b0d-409f-8a1a-0ae1fa7d3074,Kendal,kschrei8v@clickbank.net,PT,23/9/2022
079c1c25-371b-44eb-94f2-27a2c0de0fe3,Gabriela,groskell8w@xrea.com,SE,19/5/2023
06eabab1-69a2-45f8-a579-65b88f2af7c9,Titos,tforsyth8x@imdb.com,CN,15/2/2025
fb716407-24a2-4fd5-9918-e09430f1814a,Birdie,bmegahey8y@businesswire.com,SE,13/6/2020
95e3fffd-f30b-48cb-9f20-8a6c59493407,Claudette,cbottle8z@linkedin.com,RU,5/5/2024
9b9bfa19-0321-456d-9cc4-7cb099adb251,Kristy,kdunstall90@ask.com,PT,23/10/2025
ac5ea180-b073-4113-8d08-450bd7ff818a,Doe,dogger91@qq.com,RU,29/4/2021
ba8c2dcf-46ca-4dde-a790-116e4e608062,Marcellina,mstrathe92@bigcartel.com,ID,12/6/2025
2bf2bfe9-6d74-4c8d-8441-72334db92192,Urson,uloosley93@wiley.com,CN,16/7/2022
851efd0c-822b-4f77-921e-b3b290b84960,Timmie,thaywood94@msu.edu,GM,4/11/2022
5eddc81f-3494-4914-afa1-415dd730ab66,Konstance,kodocherty95@ycombinator.com,CN,6/2/2022
1b6060af-f6f9-481a-b5b4-6c507b6ed4f3,Sharity,sredshaw96@google.com.au,BR,8/11/2025
23e51fcc-604c-4d0e-8f36-cbd19aabd588,Eugenia,egrimwood97@discuz.net,ID,8/10/2020
4baf01ac-e5aa-4abc-8e67-f8da62cea774,Annabal,acosham98@prlog.org,MX,27/8/2025
65a9accd-f4bb-48e0-8f8b-a6dc8c49084f,Benjamin,bhazelgreave99@dedecms.com,TH,19/11/2021
26aac1d6-2807-4c15-909a-21e650d616fa,Dilly,dcossar9a@about.me,PL,1/11/2024
0ae542db-35f3-447b-8a92-dc2ac10c430d,David,dpaolo9b@reference.com,CN,27/10/2021
04f569e8-b9a5-4acf-83d5-e995f035efe7,Anni,ahaugeh9c@dmoz.org,KZ,30/9/2024
963732a1-3e73-4504-9dee-7247662f03fe,Burke,bbetchley9d@berkeley.edu,CN,28/3/2024
397674ae-3d2f-48fe-84b7-e0fb2f003a23,Isidora,idelasalle9e@stanford.edu,BY,19/9/2024
2ba77d88-e121-40f5-9269-00aef2480cf6,Phillis,pgernier9f@google.co.uk,SE,6/7/2021
2b043804-0977-467e-8242-0c21b7c8ff66,Roseanna,rredolfi9g@cisco.com,JP,11/12/2022
3c19b3e7-96a2-4774-971d-2aa037e1af1d,Marmaduke,mrace9h@mediafire.com,CN,14/2/2024
b04a2d5f-431f-47e6-81c3-86e97183c9d5,Linnie,lcaulcutt9i@latimes.com,SE,13/8/2020
232f8b9b-aaed-4541-bd08-5f64aab234c1,Clarine,cblaszczynski9j@usgs.gov,RU,11/2/2026
f3abfab9-441f-4f56-bf7b-9eb645d0a55c,Mayor,mhargie9k@nhs.uk,CN,18/1/2021
08016d7f-8697-4749-a31e-21adc9de68a9,Aguistin,acrowder9l@slideshare.net,CN,19/12/2022
2768dee0-b980-488e-8561-54d1eb366343,Fielding,fschorah9m@spiegel.de,US,28/8/2025
d7eb2ea2-d66c-4d2e-ba0d-c950df4cb9b7,Adrea,ajoy9n@github.io,RU,16/6/2021
3904660e-c1d4-4b4d-9478-674b7ede2bb2,Sherie,smann9o@theglobeandmail.com,RS,21/7/2025
06f1afe7-df84-436f-8843-e96b1729b30e,Danielle,dworledge9p@marketwatch.com,CY,26/6/2024
1e3defcd-f53f-4f72-8e70-3c24bbee2073,Tonie,tloan9q@redcross.org,CN,22/4/2023
41c65713-7e97-48fd-9e2e-7c80a0d61ea6,Gery,gladyman9r@posterous.com,ID,21/5/2020
bfbd79dd-f96e-4d37-b7f5-128f8b6406d6,Torry,twreight9s@globo.com,PT,4/5/2021
002c3dbf-2fcf-4cc6-acd4-cd40e859aeda,Ingunna,igartside9t@ebay.co.uk,PH,22/5/2025
f4de4807-ae53-4106-b274-6c284c77c602,Yorker,ymcphelimey9u@npr.org,CN,7/7/2024
b6193cd9-7039-4fe4-b62a-8739e65251ea,Cordie,cfillimore9v@naver.com,FR,21/5/2020
0b0619b2-434c-4766-a488-b564cc09135b,Felita,fkinvig9w@scribd.com,CZ,27/2/2023
b304c1e9-1c8c-403a-9d40-612bd455f744,Peta,pclow9x@example.com,CN,27/11/2023
0951ae92-7088-4c85-a402-8f44e92127a3,Theressa,tjedrasik9y@myspace.com,PH,22/2/2021
f39698eb-b7fa-4d75-92e7-dbc29d61d5c1,Kirstyn,kgreenfield9z@joomla.org,NG,21/1/2026
4eba1342-9b2d-4d5e-a143-7860cdb06bdd,Evyn,ebothwella0@sphinn.com,CN,9/4/2022
ad5450fb-0b5e-4d9d-87c8-9b7227d7caa3,Weber,webertza1@flavors.me,HR,28/1/2023
4a232e22-1c4b-4a87-90fd-f8998ff7eaf1,Pavia,pdarreea2@quantcast.com,RU,1/9/2024
38d0bd3b-b5b5-4686-a868-e91efe6b1efa,Darryl,dantonia3@w3.org,TT,25/7/2022
2aa8a82b-1a99-4df0-9783-8f357b51d8b3,Geneva,gemma4@goodreads.com,JP,2/9/2025
26a26b61-3338-4d21-ac48-7cee3204c7dc,Joyan,jstolworthya5@list-manage.com,PT,22/6/2020
c7695fb0-61ad-469c-8a8a-764d2d9489ca,Trumann,tstatena6@csmonitor.com,SI,9/12/2020
cf5fa8c3-9170-46bb-af06-12678c6dc415,Doralyn,dpeersa7@latimes.com,SI,7/5/2025
366d760b-65aa-4699-93a5-0a4330d1e143,Hewet,htrowla8@berkeley.edu,HR,5/1/2026
d4e25c61-36c1-4491-81f4-7907d99445e8,Dorise,dburhilla9@altervista.org,US,11/5/2023
35400dfc-8dfd-42ed-a8b0-919efa483a73,Tonye,tboydonaa@globo.com,NE,18/10/2020
af79b566-8c36-40c6-84c8-bad074a1b488,Darn,dreasceab@stanford.edu,SE,18/3/2022
6da357f5-65c3-4ebe-b96b-82c1f57271a9,Miner,mspearsac@illinois.edu,ET,30/8/2021
daa7640b-c6d2-43b7-8146-b1fb2cc032e0,Gill,gpaylead@bing.com,MM,15/10/2025
a4c063c9-9d81-44de-a3c6-ce3acd8b2308,Duke,dlittrellae@vk.com,MK,4/10/2023
96bd9f52-63c4-4020-adf1-092aa5a88484,Hillel,hhewlingsaf@toplist.cz,NP,4/9/2023
53b02bdb-cae0-45f5-9b95-8dc1e4cffdcd,Iggy,ihambrickag@flavors.me,CN,11/11/2024
6a0be0c8-ca8b-4c23-b2bc-71c6c9b904e4,Reginald,rsubhanah@squidoo.com,CA,29/5/2021
6bd696f7-7883-49d8-b198-edf68a48eae9,Engelbert,epinarai@ibm.com,CN,13/2/2024
fe86d5e6-2803-4e2e-9950-1fb5fde1dc32,Doti,dkubekaj@skype.com,IR,29/11/2025
b3179940-4b7f-4e7b-97ef-0678c8d467ab,Mycah,mbellfieldak@netlog.com,CZ,26/8/2021
04412a8e-809c-4fbf-bfe4-db18a1da4d4a,Kimberli,kbearcockal@fastcompany.com,CN,11/10/2021
71a12733-1d5a-47ae-aa98-54fd2c8e84be,Lanna,ltewnionam@linkedin.com,SE,30/5/2025
9ad1c0fd-f6d2-4c61-b7fa-0c6f15b27391,Zorina,zpostgatean@soup.io,KH,25/10/2022
3bcbaafb-92d7-4bf2-916d-c20c3dbb4920,Adria,amanchesterao@rambler.ru,ID,20/7/2020
643ab22d-5049-47cf-ad23-a930cfee5421,Elsy,ecolbranap@cmu.edu,CN,30/1/2024
44ba9d6d-86d5-4c3c-8c39-cf3e51604efe,Keen,kblakesleyaq@hubpages.com,RU,2/9/2024
be593adf-6afb-4de4-a85f-6f075365f6df,Hayley,hlukasikar@fotki.com,EG,3/11/2024
aff9de11-ccbd-4cfc-967a-a9d2560560fc,Daryl,drymmeras@icio.us,DE,6/11/2025
89782b12-6619-4a9f-a565-5d72ef884c1f,Pris,pvedekhovat@yandex.ru,ID,11/7/2020
15a9c825-c44f-4a9a-81c3-2d7ee19e772e,Onida,ocusiterau@aboutads.info,PL,6/5/2021
61e67b39-4576-4c46-9e6e-525d64f713d4,Pearl,ptuckwellav@nhs.uk,UY,27/11/2023
cead936a-2fb1-4f03-b131-8eb09c9c130c,Ludovico,lsnooksaw@vistaprint.com,CZ,3/5/2024
aaa2027b-b4cf-4af0-9c07-312784e1ddc7,Livia,lcammisax@nifty.com,US,16/2/2023
6325ac00-30af-40ed-848c-7c2a22afe6c4,Hulda,hhandleyay@pen.io,FR,8/1/2021
73a0ec66-7399-4d60-9339-94d25502db27,Gib,gspellingaz@elpais.com,CN,21/9/2024
3a8955e2-daa3-4878-890d-50eed9116672,Jamie,jblofeldb0@marriott.com,PH,19/4/2023
f3a48756-8384-46f3-9d88-077febdddbef,Jamison,jthorsenb1@myspace.com,PT,3/1/2024
3a8fb6e4-d645-4524-8333-5d710f62b58d,Waverley,wcrawb2@hao123.com,CD,1/12/2025
0d809bad-ffa3-4b84-a9b0-88153ad84e83,Blayne,blenoirb3@deliciousdays.com,CZ,27/2/2022
179b7967-3869-4561-90c1-763bb64dda61,Seamus,shazeltonb4@abc.net.au,ID,1/9/2023
be0e05a3-0e64-441e-a28f-75c82e37a25a,Ania,aworttb5@narod.ru,FI,8/4/2025
a87d1d02-7813-4304-92be-c2c16cfdef2d,Cody,cfewellb6@bluehost.com,CO,29/6/2022
037c01d0-b2b0-48e9-b184-435fb7ea8084,Andriana,ablackallerb7@woothemes.com,TZ,9/9/2020
45a86222-b221-41a2-bce4-84138e99d2f9,Tiffani,ttrinderb8@usa.gov,NP,19/6/2024
66a982e7-2f2d-4560-86ae-7b56a8be0e7e,Matty,mlambertonb9@bravesites.com,ID,16/1/2022
c8cc51da-eaff-43af-bad9-35cf6449eb62,Cy,catwoodba@behance.net,PH,2/4/2025
08bfb2d5-bf6f-4378-9fc8-79c70f688bca,Eloisa,elambollbb@blog.com,US,28/2/2025
4a114c7c-45d0-4fe2-921f-cdb083f77344,Alexis,ajennebc@geocities.jp,RU,20/11/2025
1f3febac-97a9-457a-9662-c6f3c8078e7a,Hirsch,horgelbd@wikispaces.com,PK,9/9/2020
5b0d0ddf-475d-4ffd-b77a-3db18ecd663b,Darline,dspeerbe@statcounter.com,PE,12/2/2026
7652464d-65d2-42c9-a3d2-e84fa31672bb,Filbert,fstirtlebf@guardian.co.uk,ID,27/2/2025
27a24d24-4409-410e-8f39-a72882fdd72f,Wright,wmoutonbg@discovery.com,CN,10/2/2023
7523a9e1-8ccc-4781-8fb6-7af641496c53,Sayre,slustedbh@microsoft.com,HU,16/4/2025
bce1b6d4-3278-4770-a4fa-e4d6049912d2,Kennedy,kroisenbi@pbs.org,ID,22/8/2021
62e26baf-9d61-4ea8-aa01-ab9d0568b3f9,Tim,treadmirebj@moonfruit.com,ID,25/9/2021
018586bd-1fe9-4151-82a1-002bae1f5b5d,Wallace,womullenbk@nature.com,AF,3/4/2024
e856cb80-4932-4141-915a-e898f61c4bfd,Marni,mducarelbl@yale.edu,PA,26/8/2020
0f2470a2-433d-4682-bcec-02267b6dde0c,Kelley,kschollarbm@about.com,PT,7/10/2023
cc266b4e-6ac8-407f-8d57-b868c24034d6,Hynda,hpagittbn@hugedomains.com,PH,16/11/2020
7d8e4a96-8c11-489a-9a89-f2c069198d20,Leonerd,ltullochbo@unesco.org,VN,17/9/2021
8149ec20-9296-41bc-b512-13f0aff825e9,Leanna,lnabarrobp@patch.com,CN,23/9/2021
e5c47677-ff6b-46ad-90a3-84b94ba03dfa,Rozella,rcelezbq@mozilla.com,CN,7/1/2023
8aa186e9-1824-4642-824a-5500427a3655,Ezekiel,elayingbr@usgs.gov,MG,6/5/2023
41bf6f5c-f6cf-433a-92c5-4de904d6726c,Robena,rbolithobs@wisc.edu,CN,22/9/2021
819809b4-fe2c-4724-81dd-6fa320f91188,Cosmo,cmaciverbt@trellian.com,NO,1/1/2022
ed7788d0-438f-4ffe-a13d-89ab3fb11a7a,Aaron,anewellbu@tinyurl.com,CN,19/2/2021
1314529e-b07c-42e6-864a-bcc708731c8c,Fanny,fkellockbv@goo.gl,PH,13/1/2025
fc5c8d8e-2863-44cc-8b1a-05ebc5199966,Lucian,lmocklerbw@fastcompany.com,ID,1/3/2020
1af902d4-80f2-4666-a7dd-f686f0ecb681,Tammi,tlarnebx@prweb.com,PT,29/4/2025
f4ed1417-0096-4ca4-8984-b0048c611d8e,Alison,acrutchleyby@narod.ru,CN,28/5/2021
e526e481-ea78-43e2-a0cb-f5566ac3829d,Ursala,ujealousbz@vk.com,CN,4/1/2023
69ece78d-c38c-439b-8fb4-b92b86b29db3,Damiano,dpaulotc0@fc2.com,PT,27/3/2023
eb89bbf3-2428-41dc-8c70-e70772ca6a7f,Ivar,idalliwaterc1@sitemeter.com,CN,31/5/2022
48fe5e15-11ae-4e8d-b0da-07c81dd86183,Dodie,ddockerc2@mysql.com,RU,19/3/2024
92adcf07-2548-406c-bf32-6fdcca9f906d,Beverlie,bwinsleyc3@parallels.com,ID,14/3/2023
ed2f4549-c8e5-41ab-a739-ae75bdab34ba,Kristen,ktennyc4@ox.ac.uk,DE,6/2/2025
e8e15d79-e719-4af7-a20a-0daccdae4bab,Cello,caymerc5@usa.gov,AR,11/7/2025
5d647d1a-6ea0-4b14-83e7-4d89943cec92,Lesya,lgarviec6@netlog.com,PK,6/8/2024
b6eee46d-6bcc-4b91-9b82-397f570f07aa,Hester,hserginsonc7@instagram.com,EG,15/10/2020
79e330f0-f15e-4441-9800-e8c7fc5196ee,Isador,islitec8@weibo.com,RU,3/7/2022
ebeacfd8-6074-4b88-8894-6373e311939b,Herb,hmiddlec9@xing.com,MG,18/2/2025
e9d0996c-1337-4141-a005-bc8504afb234,Inna,iingledewca@nih.gov,US,8/10/2022
323cb198-eea7-478e-981a-8c1ac74347cd,Brook,bbrixeycb@prweb.com,UA,18/6/2025
8616c148-7d1d-4def-86b7-234dce4531e1,Diann,dbengoughcc@blogtalkradio.com,MN,24/6/2023
dad5581a-020f-4aa5-9f43-6c7757cb04b3,Yulma,ybootellcd@scribd.com,RU,26/11/2020
61bb8e7b-fbff-4993-8426-cd2adefb1700,Roseanna,rfrancaisce@trellian.com,CN,6/10/2024
e29de667-0f2a-4781-99b4-9635fe543c44,Chrysler,cleathartcf@digg.com,KR,12/1/2026
65cd3069-5651-4218-be2e-3c2eb2eea342,Regina,rdavioudcg@joomla.org,ID,2/3/2021
ee93c191-5283-4118-8187-38ff663170d9,Avrom,abyrech@china.com.cn,CN,4/8/2023
9efa8428-fdef-4444-ba9e-f80bee8ac842,Grannie,ggarritci@theguardian.com,VN,13/8/2021
e89fbbc7-854e-43cf-8861-ad2ee7861342,Laurens,lcawthornecj@zdnet.com,CN,23/1/2025
a4314ace-bdf8-4b9c-af47-1a9cb080bb32,Lilian,lstutteck@narod.ru,ID,9/4/2020
4d08299c-9b46-4756-9917-4b0b26e4ea98,Bink,bmackriellcl@buzzfeed.com,CN,14/11/2025
c4522d68-2fbc-47ca-bead-9f02c82cef60,Myrta,mfiddymontcm@diigo.com,ID,25/8/2025
80070acd-6fcb-49b4-8d62-862a2a88feda,Joyce,jbanckcn@dyndns.org,YE,21/12/2023
2e3bf91b-de2b-4b9a-afda-91f40c390352,Ginger,gsladeco@oracle.com,CN,25/8/2020
d8c13a0d-7761-49ff-a12c-fa9e1f8eafb2,Kris,kduckerscp@wired.com,TZ,30/11/2023
8c3d5b46-4065-4c06-9cae-94ffbc01bb10,Xever,xmcmenamycq@google.de,CN,15/10/2024
869c8151-e3c6-4838-b2af-d2ecc53b9d97,Erinn,egethyncr@vinaora.com,RU,9/3/2021
a7b9c288-443f-4c74-a8e5-e6446c78f498,Geneva,gcurrancs@cmu.edu,PL,28/2/2023
6e5f91eb-78dc-4745-b8b5-8827790192fc,Caresa,cmcmickanct@cdbaby.com,GB,20/11/2021
95cdd0bb-1206-4adf-856c-8f71e5bee9d8,Quentin,qlergancu@spotify.com,AO,4/9/2025
a72a73a2-bacd-40aa-8c56-89fb509dc21f,Jayne,jmargettscv@weebly.com,UA,10/8/2021
532c94b1-ac79-4209-b74a-25e228aa9348,Janifer,jfanthomcw@xinhuanet.com,CN,1/5/2020
f753f428-e8fa-4bcf-b951-d1d8a8277687,Fedora,fseatoncx@over-blog.com,JP,8/9/2023
f4782344-b829-428d-883e-7eaba79ddcef,Roanne,rchevincy@slate.com,ID,24/10/2025
3c97b2e9-c760-435e-a730-9fa75fc46496,Fayth,fpitrollocz@google.nl,SE,19/12/2024
76ba6d74-db57-4825-9852-41d9c69ba032,Theodore,tzorzid0@ifeng.com,TH,4/8/2024
d122f04c-8f1c-4fa9-8733-7312c8504ce2,Nickolas,nerdelyd1@opensource.org,CA,11/2/2021
b3605da4-4504-448f-b07d-fbb7cc1df8e5,Terence,tcathersidesd2@seesaa.net,SY,2/2/2025
e2239b79-cfbb-4c4e-83b3-5c31047e6974,Jerrold,jcawkwelld3@tiny.cc,CN,3/2/2023
265e1a41-abda-45ca-ae16-03060943edb8,Brigg,bhaliburnd4@123-reg.co.uk,BR,16/4/2025
c65b6bf1-0610-4d77-ae7a-3c0ea33e85b4,Kit,kgatteridged5@princeton.edu,PH,30/9/2024
58429ffc-6e27-4714-a0d6-3d15c0b253ea,Aldis,aheaslipd6@skype.com,KE,10/9/2024
6cac5b15-107c-4510-88e6-5599813a9a8c,Barty,bdispencerd7@businesswire.com,BR,3/9/2021
1e7cfb8c-5f91-4429-97e5-1718974d7c26,Jenica,jsmillied8@hp.com,CO,10/11/2020
d9e25bf4-c20f-4d00-b02d-d87947078a6f,Charmian,chardwayd9@ask.com,CN,11/3/2021
f9de4bcd-fc62-4111-ba7e-71ab17679fa8,Duffie,dprendergastda@timesonline.co.uk,DE,20/3/2020
81129d82-2084-47e2-be16-254e6ec63937,Irene,ilorkingsdb@walmart.com,XK,10/7/2023
ce39fb8d-f55f-4227-83ca-b8a4eadb4e20,Eachelle,efusseydc@howstuffworks.com,HR,25/10/2021
82402cc9-79af-4ef9-8555-04c9f7555cf4,Gillian,ghuiedd@squarespace.com,CN,6/1/2021
f4824caf-d6a5-477f-8d7e-96c27a84e6bc,Rufus,rhinnersde@ning.com,FR,11/11/2021
76a7da38-640a-4bf1-9762-338816beb9fd,Justinian,jortzendf@digg.com,BD,12/11/2025
c78a08b8-41eb-4e48-af4f-9fbc94e80d45,Mavra,mipplettdg@guardian.co.uk,PA,13/3/2021
0adcea9c-3523-4335-b67d-8bfcdcc145bd,Aluino,astapeledh@nhs.uk,AZ,12/5/2024
e93e5eb2-7f32-47d0-a5c9-f9e49c43dc69,Horst,hsunnucksdi@naver.com,DE,8/7/2021
ffafb949-2d62-4cba-86b5-6c2cc658367f,Gil,gnoendj@imageshack.us,PT,8/8/2022
302bf0ea-d611-48ba-b576-efae27638fa3,Joni,jhannamdk@cbc.ca,ER,11/5/2021
20ff7cfd-35b4-455c-b2c8-fc5d46f4b7cf,Ramona,rkrugdl@statcounter.com,CZ,22/11/2021
7194f357-df69-4b2a-ad40-ff61e07edd9b,Vanni,vmetzigdm@miibeian.gov.cn,CN,24/2/2022
6e5eec15-1f09-49b1-b33e-1f2ccabc490f,Keriann,keldershawdn@acquirethisname.com,CN,18/4/2022
b163d2cf-4df9-4d36-a320-3902c6303197,Lira,lkorlatdo@goodreads.com,PT,9/1/2024
5f5b4dac-bea6-41ee-a2c0-d7f2aa0d4b65,Annmaria,ariccidp@1und1.de,RU,25/1/2025
e4caee81-a43d-4df1-81b3-b7dd2d621c2b,Oren,osterlingdq@themeforest.net,EC,17/7/2021
3d72239d-74e2-4083-9fc1-d1199ef7bb21,Jeremie,jbirksdr@comcast.net,PH,16/3/2021
68208276-42e6-4b2b-8364-db9bb246ba11,Rici,ridillds@so-net.ne.jp,CN,22/7/2021
30dc5950-8263-4543-9c0c-9834f19a1d25,Myer,mponderdt@state.gov,RS,26/4/2020
e98531e1-d670-4bd1-9690-f09f400ec258,Hanan,hfisbburnedu@fda.gov,CN,2/8/2022
f835c991-cc88-4156-b9b5-36a52502bea9,Harley,hdecruzdv@mit.edu,CN,18/4/2023
b50cd355-a961-4ca7-b66a-5aeb19527e10,Sashenka,staffreydw@google.co.jp,LT,4/12/2025
449a0027-5c6d-4cc9-94d6-53f0fe418439,Leland,lwarmishamdx@economist.com,LU,21/8/2022
b3e30d02-44a8-41be-8fea-e4d7d598d6da,Tanny,tpetraccody@sphinn.com,CA,22/6/2023
7706b14f-76c3-418d-82b6-e3cfef53cd74,Maureen,mmakepeacedz@ning.com,CN,13/6/2020
64a44e9a-55ed-457b-96e3-9cd642b88fe4,Ardys,awiddupe0@infoseek.co.jp,IR,2/12/2022
d6e50aec-1422-462c-aff8-5f7fb01ad3a6,Nata,nspikeingse1@marketwatch.com,PL,28/11/2023
5b24ae80-18fa-40fa-ba21-3ec18c388197,Candide,clamorte2@irs.gov,PT,24/1/2023
6a467d18-e1eb-45cd-a2c2-837210f67da6,Freda,fworhame3@omniture.com,ID,6/3/2024
dc61068e-6f7c-4301-87f2-ea31cf53e214,Etienne,enichole4@europa.eu,ID,12/8/2025
acdf9359-2b07-4771-9a5a-4d31d41dce9e,Aaron,awagenene5@sina.com.cn,NL,31/7/2024
596b03e3-fb5d-44e9-a96d-e52766e304b6,Bailey,btolhurste6@cnn.com,JP,14/11/2020
0e067516-df13-4dfc-ac07-252e577bec9c,Dickie,djacobsene7@wired.com,CR,23/10/2020
48cee0ba-05eb-4d3d-961c-dc0f66e149a7,Melinda,mtupiee8@washingtonpost.com,JP,21/7/2023
466587c8-f4fd-42ac-bd01-9e5598329880,Olympie,oskynnere9@merriam-webster.com,AL,9/6/2021
c2ce9d3a-b69a-43c7-80ba-87016ededba2,Adara,aboysonea@chronoengine.com,DK,20/7/2021
eead1455-4651-46f2-bd20-0107e0e3b0d6,Clement,ckemetzeb@usa.gov,GT,7/3/2025
a09ecf7e-ae76-4acc-9876-1476e4c03b77,Ludovico,lquinceeec@4shared.com,MK,8/1/2025
86b022bc-659c-40f5-8ec6-d6e8e3d94ffa,Johnathan,jstrongmaned@symantec.com,ZW,10/6/2024
b743e7c4-3e68-4181-aa44-0f95c6beddd3,Ange,awindmillee@google.pl,US,27/3/2025
434aba26-bcdc-4270-9c53-e3a91dbaf745,Wang,wwrighthamef@purevolume.com,CN,24/3/2021
f2da206b-84e0-4eed-8a9b-c4630d06f3d7,Bob,bpavkoviceg@domainmarket.com,ID,8/2/2021
d576d2fb-3498-42cd-8563-f98cee6f0cfb,Guglielmo,gsmidmooreh@php.net,PH,6/2/2026
534cd973-e7d5-436a-98eb-901f5f0c9652,Teressa,tgregoraceei@sitemeter.com,BR,25/3/2023
0420162e-21d2-4ec1-ad64-6ab2cc3226e8,Flossy,fellwellej@sakura.ne.jp,CN,13/3/2025
9b4c8f98-ec5e-4e23-b057-90036cc7031b,Salomone,soldfordek@patch.com,CN,24/2/2026
d4539bf5-4c81-489a-9cbc-c82664da720d,Fey,fsumshonel@hc360.com,US,19/11/2024
ca156bbc-75ad-424e-82af-bc824e4fd654,Leupold,lmeneuxem@usatoday.com,CN,13/2/2021
f6df6bee-af16-46be-8158-483fcd350e06,Stanwood,syouleen@miitbeian.gov.cn,MN,5/1/2026
9e9681e0-fdfd-47a1-a4fe-fd94400d6494,Clair,cmulliseo@printfriendly.com,CN,6/1/2025
40e5e314-4806-4337-ad51-56f7143948b2,Louis,llangthornep@oaic.gov.au,CN,9/4/2020
11967610-4e5e-4674-8fcb-9c1ba1dba1ce,Ardelia,abruckereq@wix.com,ID,26/12/2023
32746520-6253-476b-b635-5411f423872c,Cameron,cdimancheer@gmpg.org,CL,20/8/2022
2460b0be-cc3c-4446-bd5f-3cc2a64de631,Weylin,wvanhesterenes@noaa.gov,PT,6/8/2020
a7c5f762-f8f4-45da-a35a-170db37f89cf,Karlan,kloddonet@un.org,US,26/2/2025
8edf2ab2-f0d7-4ae4-90c8-75d31644cba3,Aigneis,adavydenkoeu@nyu.edu,GR,31/1/2022
ee21771a-92e0-4436-bd54-fa9807893751,Myrna,msearstonev@flickr.com,RU,21/7/2023
c91d0f0e-f5e5-4faa-b9aa-d5cd366fe957,Reider,rcastellaccioew@patch.com,PH,29/12/2023
b49aa2f6-cf2a-4a41-8d65-0024827c6b5e,Hirsch,hgrannellex@toplist.cz,LB,17/7/2020
cd723205-5b1b-4070-bc6f-385c9ce4ede4,Felita,fdundredgeey@sun.com,HR,27/5/2022
2e46564c-f24f-4b13-8d61-cf6071a01288,Dev,dcrowderez@hostgator.com,ID,18/1/2023
ce5d12b2-3907-4519-a778-a51e276c79ad,Gradey,gdenyukhinf0@godaddy.com,RU,18/11/2021
419dc149-87c5-46e1-81df-2da943c9d072,Rahal,rliffeyf1@fc2.com,ID,28/3/2023
7cf38960-1cce-47e4-bb76-fd8469bcc9f3,Lucita,leakensf2@fda.gov,CN,11/2/2023
125cd617-0a51-404d-a437-0a86e1774bd9,Montague,mthreadgouldf3@weebly.com,PH,24/5/2023
666ac8fb-b192-452f-a0e9-0d7f85b8787f,Cahra,cgilliamf4@vkontakte.ru,ID,9/3/2022
d62f4a7c-33c4-4285-a780-43e26e76ea5c,Karleen,kdaggerf5@feedburner.com,RU,20/2/2025
f93e3c62-ca81-4d96-ae4b-7507b9cd7c4c,Annis,aantalffyf6@163.com,PG,8/4/2020
07964662-c88a-4d97-bc67-6887e7499db5,Daveta,dfarringtonf7@ifeng.com,VN,17/1/2025
016f2bdb-d1d3-431c-ba8a-659a8623a558,Delilah,ddegoeyf8@google.com.hk,CN,14/4/2023
7911dd0f-30e4-4497-8122-978a88b4aa09,Hoebart,hcumberledgef9@weebly.com,CA,18/11/2023
620b8e95-4e97-49c8-9b32-e35bdb61a442,Othelia,omingeyfa@miibeian.gov.cn,RU,10/5/2023
efbf27e9-5c04-4af7-a055-3741db149915,Pen,psemmensfb@wufoo.com,KE,15/9/2024
57a782f7-c7ba-4fad-8bc6-ce006ce62498,Skippy,smeenehanfc@rakuten.co.jp,UA,18/9/2021
e965cd63-097f-4dcc-ae6c-8c70597d5f7c,Arturo,ajoannetfd@vimeo.com,ID,4/2/2026
225ad4f0-1f4c-4948-a514-e35eddb9e0d8,Lizette,lmcginnellfe@woothemes.com,IT,4/10/2025
cb84635c-a717-419f-b895-d8689db3d6c8,Taddeo,tpeppinff@google.cn,ID,4/9/2022
f61b80d9-8f41-4278-a5db-f76010bbdcd4,Benita,bberfg@pinterest.com,PT,25/2/2024
752778dd-5ae4-4d80-ac39-a931a627f6cc,Kinny,keastbyfh@bing.com,NG,17/4/2022
6c91b6af-5c8d-43c9-88ef-2c9d37e77135,Charo,cmaysorfi@freewebs.com,BR,22/10/2021
e2408481-2fc0-4137-9849-e563edf4aa9e,Tonya,tnorthernfj@wikimedia.org,ID,23/1/2022
eef3d9fa-cf5a-4709-8005-2d249d75c4eb,Drusilla,dburdikinfk@prnewswire.com,GW,11/1/2023
64da762b-2efc-4252-b2f4-0bdaa775b0c5,Tobey,tfairholmfl@cyberchimps.com,MW,3/3/2024
d3715efd-1680-49be-900f-ed9f35cd569f,Sal,sfeasbyfm@barnesandnoble.com,ID,18/6/2025
9099559c-d354-4c22-a7bf-9147697d4a2c,Stephenie,sstationfn@wikia.com,PK,26/7/2024
49e70294-019b-4531-aedb-bb24f3c131a3,Winona,wondracekfo@cbc.ca,VN,4/5/2024
bba269ae-00cf-4458-a3aa-637b8094daca,Lazaro,ljiggenfp@livejournal.com,PH,2/9/2024
bdedc281-ff1e-4b2d-b777-dc5b41776f86,Simone,swittyfq@mozilla.com,JP,12/8/2023
f70360b0-8455-469b-8510-c20735b47e5a,Kelcey,kbrumwellfr@godaddy.com,PA,2/10/2025
fb9be4a2-1e22-46d5-b547-d6c739327b95,Fulton,fgenickefs@hexun.com,ID,13/9/2024
6ccc0095-94f1-497e-85ff-36197416203c,Paloma,probbeft@php.net,ID,18/12/2024
2b58cbb2-89d9-42a5-a9b0-a2bf5af7694b,Stern,smenaultfu@elpais.com,PH,22/8/2022
addc34ec-c525-4db1-9d27-d7733caf23e7,Erwin,eionnisianfv@usa.gov,ID,9/3/2025
7ca93025-2a67-4b15-a519-d8d3833d5450,Karry,kreefw@hp.com,ID,25/9/2022
26fbadf6-aad5-4e86-9395-300258a60c8b,Wilburt,wmacphadenfx@reverbnation.com,CN,6/3/2023
6782dd7f-7797-4c00-bbd8-eaab4737c1fb,Weston,wrapportfy@exblog.jp,RU,12/9/2020
4b4ebfa0-5e1e-4ec8-950b-699f3fbebbb5,Toma,tgatenbyfz@webeden.co.uk,ID,23/9/2025
cb9dad4e-3a91-42c2-b667-530b5dae0b23,Caren,cbayldong0@vkontakte.ru,CA,4/7/2020
1490b348-bf52-4be5-8725-6eee7515c2be,Rozella,rheishamg1@timesonline.co.uk,GE,1/6/2024
d44ebb38-e33c-4eb3-a807-b84e401d6def,Helaine,hscadeg2@tinypic.com,TD,4/6/2022
6fe59ae5-76b4-40d1-bec5-9229cde0e4eb,Camila,cvolkerg3@nature.com,CN,19/7/2024
d503ef51-66de-4db7-953d-3652cda95456,Forbes,fdaing4@howstuffworks.com,AR,14/9/2021
f29f50cf-25d6-4282-867a-617026d620a3,Maynard,mmylchreestg5@amazon.com,PR,9/12/2022
fa1b29b9-7118-4f7f-9ae5-c8306a7ab2fb,Mack,mwintersg6@mashable.com,BY,3/12/2020
5e95b6d6-21b3-4833-8281-01568c9f0d53,Neda,npeegremg7@ycombinator.com,RU,15/1/2024
e07012ce-6903-44ce-9017-455c0d9eb647,Lance,lcollinetteg8@domainmarket.com,UA,11/4/2023
2b9bb081-1319-457b-b230-8d5ce1705621,Rochell,rworrellg9@usatoday.com,MT,18/10/2025
d2a59335-acc2-4d0d-bbe5-5479b1199101,Ashlen,aconnockga@devhub.com,CN,25/3/2022
c8b082c4-f631-4038-bce0-2d0258b4ef59,Freedman,fbrayshaygb@livejournal.com,CN,7/2/2025
f22baba9-2f31-4436-ada0-ef841258dbe3,Dana,dfrazergc@reuters.com,CA,10/11/2025
781dbfeb-a816-42c3-995c-f481ef8ab9d9,Theadora,tkruschevgd@youtube.com,CN,18/11/2024
d34c2bbd-e57b-4dd1-a26c-b262458995c3,Adelheid,aolenichevge@creativecommons.org,MA,21/4/2021
a670776f-dd75-4fec-b70b-5eba22afe0c7,Urson,udresselgf@blogs.com,TH,5/5/2024
de3eaed7-72bd-4286-b94d-c9d8b0d6afea,Kain,ksarfassgg@macromedia.com,ID,29/10/2022
8c6c5de4-e846-430b-9eaa-3356162a1e5a,Dorolice,dmangingh@csmonitor.com,CN,12/5/2025
67dc7040-eeeb-42c2-8d66-92ff25ade799,Correna,cboziergi@geocities.com,FR,18/8/2024
ff7def09-9494-4608-823c-c0f0efa1a82a,Baxy,bdemaidgj@mediafire.com,ID,27/11/2024
1a9f0308-1649-4cf3-a3ea-7b70514891ce,Shanta,stolomeigk@cocolog-nifty.com,KG,15/2/2024
e9301eb7-f291-4f05-8c15-a1366c3fbe20,Vail,vcappergl@imdb.com,CA,9/8/2025
3d08a052-b8bd-4ad6-9341-41d8f7ba56dc,Dione,dondragm@rakuten.co.jp,GH,3/2/2022
7a34d95d-3d0d-4d8d-b465-9ae9627c20c1,Faythe,fmerringtongn@cmu.edu,BR,16/6/2020
35c27602-af61-49bf-b28f-24f15b99d0d9,Willi,wpaskinsgo@unc.edu,AR,19/7/2020
99349676-b460-438c-890b-7e33cc758087,Alonzo,alaurandgp@reuters.com,SE,23/9/2022
b9253923-2ee1-4275-ae83-f2dc76ade25a,Wilt,wwalkdengq@hhs.gov,RU,4/1/2022
01696cd5-9847-43ff-b7e7-95624fbe946a,Gretal,gdockertygr@youku.com,AL,28/12/2023
8302987f-51e6-472f-a9bf-90a134cbe526,Kynthia,kkirkwoodgs@webnode.com,BR,22/11/2024
3a0a2248-3299-4a74-a373-2ca3aec72b02,Grissel,glegerwoodgt@amazon.co.jp,CN,9/7/2025
388233b9-b084-4267-82d8-08722a6e4e5d,Marlyn,msidongu@de.vu,RU,6/1/2022
347accd1-a553-4dff-bd0b-df952b8987ba,Janene,jabdygv@foxnews.com,CZ,3/5/2020
73504ac0-ee43-4305-8213-d087543928bb,Rachelle,rghiogw@abc.net.au,CN,11/3/2021
818fd337-68a3-445a-aafe-3c1918142e01,Nevsa,nverlindengx@dailymotion.com,PH,18/2/2026
da37944e-30cb-4f43-b58d-dc823e4b6df3,Jocelyne,jharbourgy@time.com,GB,24/3/2021
e28a57d0-8336-41ad-89f8-c617c4d10d1e,Zak,zmolyneauxgz@biglobe.ne.jp,AM,17/12/2024
17c5b099-e79a-4a36-8690-954959c82617,Bogey,bvalentinh0@mtv.com,PH,4/11/2021
14ca9e88-9873-4163-b00b-7d54d54fe058,Gage,gsurgeonerh1@pen.io,ID,12/5/2020
07ae768d-c8e6-4bd9-908c-a44dbab84923,Mathilda,mkraussh2@deviantart.com,CZ,26/6/2020
ae86dc08-af97-4d08-abae-971444e0e48e,Ichabod,imarinh3@buzzfeed.com,CN,17/4/2025
a88bf6db-f990-4372-849f-d248b6854f7c,Timotheus,tkusickh4@cdbaby.com,RU,7/5/2025
c288867f-5c30-4a9a-8cc4-4a1db63b70d3,Butch,brasorh5@utexas.edu,PL,27/7/2022
2138da94-e8fd-4ff7-903e-ef1eb1aaf4b6,Rudy,rjoireh6@ovh.net,CN,1/12/2023
236dd92a-9f6c-4b78-9eb0-2dbf78c7358d,Tybalt,troswarneh7@nytimes.com,KZ,14/12/2025
04bc36ce-f726-484b-932b-2e113f1dcd10,Klara,kcomellih8@seesaa.net,MN,11/1/2026
999a99bb-0bca-4eaf-9c5b-d55b95dcb588,Benjamen,bradishh9@github.com,CN,28/12/2025
656d9252-163b-47a2-934f-6145aa08a5c6,Koenraad,kgarfitha@hatena.ne.jp,ID,8/4/2023
0234705d-1248-4eaf-88b4-1d7c912fa4a7,Pavel,pstairmondhb@ustream.tv,UG,27/7/2022
90f950c3-65a6-4f1e-9a85-f12197c6f5bc,Drucill,dandinohc@samsung.com,PL,30/3/2021
c7ce21f9-b40a-44e2-bf83-19f7d43231c2,Charla,cchallisshd@devhub.com,JP,15/8/2025
1f5289df-a34b-4a0c-8b04-75c12781c644,Armando,aaisthorpehe@unesco.org,US,7/6/2023
ab3d3f11-dbd7-4f09-b3dc-f5bd053f46d5,Demetrius,drosettinihf@uiuc.edu,SE,26/9/2022
ee7cdc92-9559-457d-956f-ad7172165d98,Nada,nfayershg@privacy.gov.au,BR,17/3/2021
e6200ba5-e869-4c48-aaf9-f73b29cd24c9,Carri,cperezhh@cafepress.com,RU,16/2/2022
b796ed08-01d2-4400-873f-b8920c12986e,Melany,mwinsomhi@dailymail.co.uk,CN,12/6/2023
a821bd2e-d74e-4fc6-bbd6-8cb27004be14,Lonni,lalvarezhj@nationalgeographic.com,ID,25/3/2025
cb81c88c-7167-42a2-b814-606f03698371,Der,dshambrookhk@answers.com,EC,17/2/2022
7d7bc5f3-9acc-4cd4-888d-f78a22be48a6,Minette,mpannamanhl@mayoclinic.com,EE,1/12/2021
942a5d9a-f4c3-48fa-b2f0-64ac66797886,Leonardo,lcontihm@tuttocitta.it,ID,16/9/2025
1e8e131a-58aa-49e1-a0d8-dca3d230df66,Aretha,acowburnhn@youku.com,TH,22/7/2022
1001621d-d497-4e0b-9a05-203fb75059cd,Fredelia,fmacilhargyho@bbc.co.uk,PE,24/2/2025
7aa636c3-0de1-40af-8283-765375097f90,Kendra,kgheorghiehp@jigsy.com,CN,20/3/2025
4a742292-edcc-49ae-9dde-9a23f65ad275,Andras,afarnfieldhq@soundcloud.com,US,19/1/2024
139cb95b-0c02-4342-9be5-cca5e9a8228d,Sharron,szimmermeisterhr@rakuten.co.jp,BR,2/10/2024
6cca6acb-6015-45e3-971f-5a36121e7153,Britta,bfreiburgerhs@google.co.uk,CN,27/3/2023
d6acbaa7-f072-4cfc-a130-7f913ec24c35,Courtenay,cmcandieht@twitter.com,DE,10/12/2023
6908a816-88ed-468d-bdb4-ee38f93aacae,Salomone,slongrigghu@istockphoto.com,ID,14/1/2021
5b280631-c0e9-48a9-bd65-92d0fcdd5dcf,Harri,hgowryhv@soup.io,CN,8/8/2021
f09766cc-9619-42c1-a378-9d7af0649177,Lane,lkastelhw@unicef.org,AF,25/7/2021
10ebb957-2ade-4310-8901-d5d4fc58b504,Patty,pbeahanhx@mit.edu,CN,13/7/2025
a956e584-bdd6-4929-b0da-9ca44115d14e,Perry,pcleeveshy@zimbio.com,CN,9/9/2020
eccdbe06-135f-4ff9-b8bc-8c1d117e9a84,Debi,ddavidowskyhz@cbslocal.com,CO,19/4/2023
54a8eb54-3f1f-4bdc-ae7a-1182e9fe00b5,Vere,vdudneyi0@pen.io,PT,12/10/2023
b7558420-eefd-40b9-9dbe-a461078ddd90,Miquela,mwringei1@nifty.com,PL,1/5/2021
d0300429-85b1-44ba-b300-530ceb4e7176,Tybalt,tcovolinii2@xinhuanet.com,ID,8/4/2021
9bbdae93-111b-414d-b7ff-5d2c50a439d5,Gaspar,gtuddenhami3@163.com,CN,21/6/2023
1cd90aca-853b-4649-abae-ea1b7ac58ff6,Adams,apaumieri4@ycombinator.com,CN,20/5/2021
5e4fab28-b2b4-4f0f-af1b-8c0c8b0a1b80,Elysia,ebucktharpi5@freewebs.com,NO,30/9/2021
a1482201-da46-4745-93e0-01fc9749cbe9,Adriane,alandsmani6@istockphoto.com,VE,5/5/2022
214e2839-0e11-4afe-a15c-0085c6ff6eae,Mari,mbixleyi7@independent.co.uk,SE,4/5/2023
807418c3-3e66-4bb4-8480-099482b02f6c,Stewart,sathridgei8@fema.gov,RU,30/11/2023
1ba7f8a3-231e-439e-8413-fcb5e1cf74ea,Mikael,mblundani9@army.mil,PH,3/8/2025
3b54a41f-cdd6-4022-86ad-d50d8361f9c1,Bernetta,bfareweatheria@marriott.com,PT,7/6/2024
85d0e934-5b7d-421f-884c-498013882870,Adan,ahubbackib@pcworld.com,CO,19/1/2021
31991af9-dd3d-4528-a3a5-d6b42eb0436f,Gerladina,gdurdenic@altervista.org,MN,14/4/2025
e9b6f274-0809-437e-81cd-9c7e1b378105,Gypsy,gcrowleyid@smugmug.com,RU,9/6/2020
bc75f256-e372-402f-9d68-26a029c836ca,Ethelind,ehousecroftie@prlog.org,BR,10/2/2026
09555062-fd8d-4cbb-8be7-d7d51100af8b,Kerby,kburnyeatif@msn.com,HR,23/4/2025
a3ac2950-46e6-439c-8edd-b492b4f13e7c,Rose,rjacobsohnig@skyrock.com,PE,3/9/2023
d086f0c9-66e7-4752-ad7c-8a83bc0eb8bd,Lucina,lbrandelih@stanford.edu,CN,15/4/2023
65d570ae-cd5d-42df-9206-bcdbefbdeed4,Jonathon,jgresonii@dagondesign.com,US,19/3/2024
b6c55343-98bd-4971-b37a-e26a0d0ec300,Clem,cdurradij@china.com.cn,CN,24/5/2025
9f8b0299-c260-4915-9569-edafd2079a28,Parker,pmcloughlinik@nature.com,CA,30/1/2025
99ddc3f5-013a-4b72-8b14-83dc38fa319a,Ilsa,igrimmeil@hubpages.com,RU,19/3/2020
098c0d69-b2e9-486c-bbe6-e4b5f909f766,Nicol,nmoyserim@ca.gov,IR,21/4/2020
9927df67-867c-4f0a-b9ec-6c0acf2c8f82,Jordain,jlevinsin@ucla.edu,PL,23/4/2024
1ace680c-88b6-4408-9f6e-be0ebe011c1a,Barry,bgallihawkio@example.com,BG,13/6/2021
693822c4-ce12-444d-8b13-311143092cf5,Jemimah,jpapaminasip@ibm.com,IE,17/1/2023
3ff34337-940d-4781-8c92-2d596902e0bf,Rutter,rnortheniq@angelfire.com,CM,11/10/2024
6a845f01-4e68-4d5d-85f0-7f3c95c90763,Garek,gkittlessir@aol.com,ID,5/12/2024
fba1994e-b175-4799-a56a-8814d7bbd235,Kristan,ktomickiis@cbsnews.com,GU,7/11/2024
501bc313-f986-496a-95fd-2a498cef50c0,Lorie,lcantosit@theglobeandmail.com,PL,23/7/2021
162ecfc5-e031-445e-b30e-6ab691d1c97e,Had,hpignoniu@archive.org,CN,23/12/2021
25f7bd37-8eba-4492-afb3-17c74b168770,Portie,plaurischiv@prweb.com,EG,17/8/2021
4dbd3faa-98cd-4844-9b39-6b52109544ea,Karmen,kbraggiw@illinois.edu,CN,21/7/2021
b906a79b-ccb5-4db8-b85f-a8843b6697fa,Kerrin,ktraiceix@flavors.me,CA,9/6/2022
8914f0fd-30f4-4243-85b1-1008a933c1e1,Jolynn,jbattsoniy@sakura.ne.jp,ID,13/9/2025
25736d39-fcff-48fa-9217-a41191ab378d,Janith,jewersiz@dailymail.co.uk,US,8/11/2023
990489eb-912a-42ae-b0d7-5b09c9ff96f7,Martie,mfeltonj0@google.nl,PT,20/7/2025
2f3f6e7a-ce2a-4713-aa8e-b64fc6c1f515,Nonna,nkarlolczakj1@nba.com,KR,27/9/2023
06fe5d07-3122-4ae0-9dc6-84e415d9a47c,Judy,jemmj2@vkontakte.ru,CN,3/12/2020
85c9bcf7-bdeb-45fc-ac3a-8ef52576a8ed,Daveta,dbraimj3@un.org,SI,12/3/2021
00d094d0-d9e2-4f54-a46f-c8dcc3788934,Joly,jcuthbertsonj4@woothemes.com,FR,8/7/2021
b03f7c09-77da-40fd-b909-cc697528b066,Domeniga,dblundinj5@yolasite.com,JP,6/10/2024
99a5a55b-ef46-40cd-958d-dfc4c39b10a1,Krystal,kpitherickj6@flickr.com,BR,8/5/2023
e44f9597-6d30-41fc-8e52-aee8b866c8a0,Kira,kgreenhallj7@usa.gov,CN,3/11/2024
a7441adf-8e25-48cc-8441-63ac233caf5b,Jorge,jhennerj8@globo.com,CZ,8/7/2022
53df287c-0cb2-421e-8a37-dcc47d690e1d,Ricky,rmcaleesej9@latimes.com,TD,3/4/2020
9778efa5-035c-4249-ab7d-a396e654da42,Gwenni,gmorstonja@miitbeian.gov.cn,NO,17/8/2022
7998e8f7-ae9d-476a-9e84-cde62e6e3669,Dene,dlysjb@is.gd,PY,30/8/2023
95b2ddd6-aec9-4852-a9a4-74f30cad8699,Gerrard,gmarhamjc@usda.gov,BR,20/5/2024
f154b0ea-196c-45c7-a9bd-cf73af9946b7,Boote,bjoynsonjd@bravesites.com,RU,19/1/2021
3e01adff-3df2-4735-adee-413a73422573,Arte,aberthouloumeje@sogou.com,LY,10/3/2024
55952511-8f8c-421f-bb24-988408624db9,Shamus,smckinneyjf@dmoz.org,RU,6/8/2021
81bb7ce0-cd39-4613-9ba2-14e740f50bb4,Talbert,tivanyukovjg@yandex.ru,BR,27/2/2021
323c4a00-95b3-4c94-bfdd-56ea60131d19,Tessy,tthemljh@squarespace.com,UA,1/4/2023
20ecbf16-8d65-4f09-bb61-9198e7bb2f00,Avril,aavesqueji@wufoo.com,PH,9/4/2020
13473219-8840-474e-b80f-6ee056aab4ac,Clair,cjeffordjj@vistaprint.com,NG,25/4/2021
8483fe0c-7bdd-4e83-9db4-768b7f4728f0,Ethelred,ejurewiczjk@gnu.org,ID,4/7/2022
1a27b1f1-347e-40aa-a585-41427287c148,Jamima,jmerieljl@jimdo.com,MY,10/11/2022
0e81d4c8-0121-442a-8fff-87dd8d7bd506,Halimeda,hwedgejm@pcworld.com,CN,7/7/2023
dcb87be8-f627-4343-99cf-43ebffe37fa0,Josepha,jstanyardjn@nature.com,ID,17/4/2020
b1ed6209-83be-46ce-999b-b34153416be9,Stanley,smarshjo@edublogs.org,UA,10/12/2025
3a269d92-1a41-48cf-8e66-ef3fdacf8cc1,Korrie,kguthrumjp@gravatar.com,NE,30/9/2022
c624960f-7837-42e4-aa18-759657e4b00b,Sharai,sharsjq@de.vu,ID,4/4/2023
e19ded22-19a8-4495-a842-0d0e43713d2c,Powell,pjamisonjr@about.com,CN,31/3/2021
ae2f4c7f-9aad-480f-9c18-781bc7ac0e13,Merla,mgrocottjs@phoca.cz,PT,31/10/2022
bf16e10e-c2c8-4d6a-9cb8-87d316090767,Rolfe,rharbardjt@shutterfly.com,PK,18/1/2023
5ef1cb59-e0aa-4d72-8829-a86363969be1,Avis,afattoreju@phpbb.com,SY,16/11/2025
d2fdf25c-91fb-47e3-aec2-f75f065c1562,Myrna,mcoatesjv@cargocollective.com,AR,21/7/2022
08c9b5a6-76d3-4859-9cf1-b0a1adbabdad,Audrey,apoterjw@woothemes.com,RU,15/9/2022
f3393088-3707-4b80-b21d-200121d013fd,Clayborn,ckeileyjx@yale.edu,CN,20/8/2020
24a63290-692c-4c36-b16b-c5f828f1c2b0,Konrad,kflowittjy@wiley.com,SY,7/5/2022
8c7c1cd9-dbe3-4616-a98f-bc29b7b9bf5b,Kimberli,kstubbingsjz@techcrunch.com,RU,5/8/2025
f64c67f4-231f-4a0d-8973-c888e2982d18,Linus,lhoveek0@dailymotion.com,CN,3/6/2025
cc924fc4-061b-4bd1-8c76-a988960af4a3,Sophia,scamellik1@gnu.org,PT,22/6/2025
2fbc8179-de55-4151-a535-68056cb9ff82,Isobel,imullettk2@youku.com,VE,5/11/2025
03b089c2-b6b1-44ce-acaf-074d8105039e,Sheeree,sstariek3@odnoklassniki.ru,KR,19/6/2025
7f632890-3a9c-44ee-b9a9-07dc2f9a4603,Imogen,ikirimaak4@blogs.com,CN,8/11/2020
7fcae41e-b293-42f4-84e4-af675fd70edf,Winni,wpengelleyk5@npr.org,US,27/5/2022
7e646adc-e0d5-47a5-a260-681689ec497b,Stacy,smenilovek6@java.com,PL,7/5/2022
6a904fcf-19b9-4b11-8ad0-014822fdff99,Averell,atwattk7@booking.com,UG,28/7/2023
300b5dd6-88f0-4192-9e56-d1223404f72a,Matelda,msumptionk8@bloglovin.com,BR,18/10/2022
174dfc2d-50f6-4af7-bf1e-b6e6dd43ea24,Renelle,rmarzellik9@drupal.org,CN,16/12/2022
af63ba92-aed3-4815-a6bf-680ab297636f,Pepi,pkeddleka@geocities.jp,RU,23/6/2023
deae2884-2d7d-4090-93fd-3b50b2a069b7,Veronica,vnanninikb@hexun.com,CZ,20/2/2022
d7aca187-c5e2-4096-8ae1-aa5f2067b648,Cos,cantliffkc@tripod.com,CN,31/12/2025
84383b12-6951-4517-b00b-432518c2dec9,Harley,hgoschalkkd@examiner.com,US,27/11/2020
af157219-b2ee-4eb4-a145-8bc7a7b89a2d,Ricki,rhowlettke@yandex.ru,ID,28/3/2020
41249f9e-3006-4eb4-9814-f8f345f4be45,Alaine,alaxsonkf@java.com,ID,19/11/2024
ed62663b-e9b9-4a3d-9f66-76bcd70f2481,Lynea,lleatekg@storify.com,AR,2/10/2024
14e024fb-ae20-4cd0-be3b-22acbd0f0692,Cicily,cpendallkh@yellowbook.com,EG,9/7/2022
0911c9c8-3734-47a7-8415-f5ee8730f2c5,Corbie,crideski@nymag.com,PH,13/11/2021
eb0ba71a-1320-4894-9439-922b90872b9f,Dare,driltonkj@youtube.com,ID,15/4/2022
c10a54b5-3ff7-403c-8015-1339668dd9f2,Jud,jyerlettkk@hc360.com,ID,30/3/2023
fb222541-09ed-42e7-bd19-911d396c1cea,Gabby,gcoppockkl@state.gov,PT,28/9/2025
e730d3d0-722e-45ed-9119-07e490b7f234,Kacey,kburdiskm@tumblr.com,PL,20/1/2026
afa162c8-151b-4905-950d-5264f78d40f6,Claudia,ckeightleykn@plala.or.jp,KR,13/12/2023
75eab96b-97bb-45a5-9f1e-6f2ba4776668,Angelle,akaysko@vkontakte.ru,PH,26/2/2023
97f4e3cd-d31d-4684-800f-df587fb3bc5c,Blayne,bbramleykp@dot.gov,PL,2/6/2023
ee2fd40b-fc5b-4e6f-ab14-794a6a1986da,Bayard,bbowsherkq@sciencedaily.com,MP,6/5/2024
9d3f0fe8-c058-4f08-aa07-39cc582e5dd3,Neal,ncalderkr@wikia.com,RU,29/1/2021
d23372ae-beb7-45af-b517-96007fa8558e,Courtney,ccolleckks@ted.com,FI,23/10/2022
7b68025e-6eb0-4650-a4cb-33c6c9e6484e,Atalanta,alearmonthkt@disqus.com,ID,16/8/2023
c293f806-6523-49d0-83f6-6592101a83c0,Martynne,mtoulsonku@1688.com,PH,12/11/2021
43cbabd3-fac8-40bc-95ab-81a209021b1a,Giovanna,gethelstonkv@theatlantic.com,ID,24/2/2024
46efa4a0-efad-417e-bace-d105b7ad165b,Crawford,civersonkw@instagram.com,JP,9/8/2021
4cfe6db7-ef8b-4985-927f-da526c754e15,Saloma,sstreeterkx@bing.com,AR,7/6/2020
523b7ac6-95a7-4813-ae4a-a2c9de50b3b7,William,woakshottky@cnbc.com,CN,9/7/2025
8f187a00-d5de-4bd7-b60a-00ba6939788f,Dunn,dkattkz@squidoo.com,NC,24/10/2025
0ab27fa4-8d45-492a-a707-e6d699decc26,Murielle,mhegdonnel0@dion.ne.jp,LY,17/5/2025
9d6f185e-7f67-4078-9691-43e30312b671,Alys,ajohnysl1@51.la,VE,8/6/2022
cdc3c0d5-2348-4727-b057-a4b057729e21,Gracia,gclaceyl2@gizmodo.com,ID,16/6/2020
1c7bac51-4197-4301-8faf-5568c4dd5310,Karoline,kmccaigheyl3@springer.com,KP,28/11/2023
6d4d914f-ecde-4856-ad61-05d06ce30e99,Tammy,tharmanl4@marriott.com,GA,20/4/2025
8983ebf6-357f-4be9-a47e-f1c51e13107b,Torrance,tkeenleysidel5@live.com,MX,15/3/2023
5d4fcba2-9b7c-4ac9-b568-cbf93a1fcde8,Paul,pyosevitzl6@elegantthemes.com,KP,4/8/2021
b11492ee-4bfa-49e2-bee1-be6573cacef8,Taber,tyantsurevl7@businesswire.com,CN,18/1/2022
abd10912-08e6-4c32-b3b8-a35d5ae28579,Farlee,fbrookfieldl8@usnews.com,PH,1/5/2024
c8ac792e-1284-489b-86cb-8c06650d1566,Godart,gklimeckil9@mediafire.com,PH,7/2/2022
11344933-acbe-42ce-b9f0-d8721d47f62f,Gris,gtriswellla@ucoz.com,RU,9/7/2025
8b4a8427-8bb6-46eb-902d-a007bfbc480c,Vernor,vlorrielb@shop-pro.jp,BR,29/4/2022
529676be-d66d-43a2-b360-56a7f8940bfd,Hollyanne,hargontlc@skype.com,PT,18/9/2022
5b8ceb01-5e0a-451f-bbba-f2cf98fa535f,Wells,wdubbinld@altervista.org,CN,2/1/2024
ab293d85-6cdc-450f-a08b-b93e14d37cb4,Balduin,bshergoldle@blog.com,CN,21/11/2022
35778554-cc6d-447c-9e47-86e7202e0711,Elissa,ebrandolf@squidoo.com,CZ,22/9/2024
34d5f474-54b1-430f-a944-20b90446b054,Ira,imacmurraylg@bandcamp.com,FR,19/4/2021
7bddef6b-49f6-4abb-8192-7e91aa6f9ecd,Alistair,acurmlh@mayoclinic.com,DO,12/2/2026
affc7014-0083-4bef-8fde-bbb5dad9d457,Allene,agrittenli@go.com,CN,12/11/2021
253324b6-35dc-4913-a09e-86af28f843ce,Jaymee,jaldhamlj@sciencedaily.com,ID,30/6/2024
1b76c1b7-a608-4c3d-8298-3a036e584e2b,Verene,vdenkinlk@google.ca,CN,5/6/2024
a4bf8b49-1196-4cad-b1ba-828a6412b9f4,Chelsae,cmoralesll@bloglovin.com,US,17/4/2021
65bcaceb-efc3-4a58-a492-4b6c6cc60281,Ginnifer,gpreonlm@adobe.com,ID,31/7/2022
400ce247-af87-4f71-a003-cc4bcf6fea93,Lief,lsedenln@latimes.com,BR,3/9/2021
2e69cffc-698c-4398-97bf-f56ed02aab8b,Revkah,rslevinlo@disqus.com,LK,20/7/2025
55646ea8-8c07-4e5d-b4da-6c5a7b7f75c6,Nevins,nbrouardlp@buzzfeed.com,CN,30/4/2024
bc45dc48-a9ca-40c3-978d-1606a618ffc6,Jerad,jlawtielq@youtube.com,SE,12/4/2024
ffeb0c51-4fdc-45a7-8edb-0a1e50ad6d7d,Winna,wloundslr@ucoz.ru,MY,3/4/2022
a16c6b53-9874-49ad-a745-0c65e8c81763,Orella,ocuncarrls@istockphoto.com,PH,21/8/2023
5f9c09d7-0a11-4a10-b6c9-6b44b0184de3,Joaquin,jmackainlt@creativecommons.org,IL,30/4/2025
29c306fd-97b2-40dc-a79e-c75dd153220e,Virgie,vpapaminaslu@istockphoto.com,MY,3/12/2022
5374e867-dfe8-433d-a9ca-d8e5c16bd2ae,Eddy,emulvaghlv@cbslocal.com,AR,21/3/2022
881a2aef-6c5f-48a9-ac9e-b86395b1505a,Yehudi,ybarkshirelw@quantcast.com,RU,9/11/2020
1428cd20-0db7-4271-870c-67789801012d,Sanderson,ssampeylx@about.me,VN,7/3/2021
d5386da4-2e8b-412b-9db1-0745b91d944a,Talia,tespositaly@booking.com,CN,24/1/2024
9c112bc7-3af3-4ade-ac48-cea3d463949a,Grissel,gshaveslz@yellowbook.com,HN,28/9/2021
47d4e273-d4b2-446c-985a-d1cde4361b98,Tiffy,tneadsm0@dell.com,AO,30/5/2022
3391c9ee-f433-4f0a-9769-c3c0ca430334,Danielle,dbrimm1@utexas.edu,SY,7/12/2025
255950c0-4b58-4952-b06d-9185a6bc558a,Leslie,lsouthcottm2@homestead.com,CO,6/8/2023
b80652a5-2932-4ef8-9c4a-0d6021fceb06,Lurleen,ltamplinm3@army.mil,RU,19/2/2024
10716923-f4e1-4c23-85a8-a3083571c99d,Tadeas,tjobernem4@wired.com,SE,5/5/2025
f3309d42-f21b-47d8-9290-e068ece9b22f,Lucho,lgortonm5@imgur.com,CN,14/6/2020
b395d9b0-41fb-44a0-b530-d3d9f3a2491e,Shelagh,sdressem6@sphinn.com,IE,26/10/2020
2d002335-da24-4309-b572-5bb5a3315cc5,Yvor,yfilkinm7@smugmug.com,ID,8/11/2020
5d3d1732-166a-4c8b-8227-eb469bce7b07,Orlan,omuddimerm8@blogger.com,CN,15/3/2022
e4154d59-f67c-456b-b822-d80292cb52ee,Lucho,lfannm9@dot.gov,PT,26/5/2022
8ce11748-3337-48a7-b2d8-d6a54d1370c1,Juliet,jmarkiema@g.co,FR,22/11/2020
edbfa5e4-1f33-4cc6-b623-faa367b4f2d7,Inessa,iworgemb@myspace.com,CN,16/6/2025
cac2d489-0b54-4a4b-9f9f-fa0df6cd8f34,Hobie,hcolesonmc@epa.gov,MX,6/7/2022
2555c2d3-3932-44d4-959e-07f593fd6008,Christie,cbertinmd@bloomberg.com,UZ,8/8/2024
a8165bd1-4474-4d36-ba72-34a142293291,Darin,denionme@auda.org.au,CN,6/2/2024
dff32ca8-b80a-4275-8a97-918f6d342232,Orion,oolongainmf@hugedomains.com,JP,27/7/2024
dd8ad7b3-fb59-4035-9b82-9f878de2f3f9,Meghan,mmacloughlinmg@who.int,CN,8/4/2024
834de2dc-41c6-470a-9e85-2d8c8f4b0f13,Bunnie,beckleymh@chronoengine.com,CN,18/8/2021
773e5b3c-4b57-4c34-ab2e-eac44b17c525,Ernst,ehaywoodmi@multiply.com,CN,17/3/2025
82853f07-4628-4811-94f0-59c1c48c107b,Liesa,lconvillemj@state.gov,ZA,1/11/2025
048bfdd0-f544-4c0a-8761-2b1950ef0623,Stacy,svaughtenmk@vinaora.com,ID,9/6/2022
29098bcb-66e3-41e8-b4f1-c8a8e1eecb2c,Alister,adarwoodml@jugem.jp,ID,5/1/2023
32ef66c8-f417-486a-8b9a-e5a9f91764c2,Sissy,sgoodenoughmm@tiny.cc,LK,20/12/2025
67fde0db-4a26-442e-9f4e-0e0fa241b40a,Vitia,vplaschkemn@booking.com,BR,11/3/2022
9c6eeb1d-ec3d-40d4-9fdd-9185bf7d1155,Iago,imaccarrollmo@tiny.cc,ID,12/11/2022
f3cae2b6-9990-428b-830f-aae0049919f2,Dorothy,dchevinmp@cisco.com,PL,23/11/2025
33492f2d-3eeb-46de-a751-b511d658a17c,Antonina,asmissenmq@stanford.edu,CN,9/8/2022
ee543819-f815-42dc-a6af-c8b7d68dfbba,Kilian,ksanchezmr@virginia.edu,ID,12/5/2021
bbc13819-9442-4464-8b78-55d754686026,Rafferty,rlinfittms@histats.com,PK,31/10/2020
c3bd9ea5-94e6-4142-9178-d31f5a7dde64,Cirillo,cdarlestonmt@netscape.com,RU,24/10/2020
fae8c8a8-8e76-45f8-ac46-0975d6e55fe2,Jo,jchantrellmu@google.co.jp,SY,13/3/2023
1677a212-adc2-4c8f-8225-f247b4da203a,Miranda,mcaskeymv@state.gov,NZ,30/11/2021
aeef0e3c-fccc-4aa3-a86c-6573106e631a,Adrien,amallendermw@usnews.com,PT,6/8/2022
d353ff34-773a-47e1-9b46-8d02249dc737,Carmine,csissotmx@hatena.ne.jp,FR,25/3/2024
b1e277d5-353d-49cd-9392-5b6ab32c0e49,Cody,cgainforthmy@salon.com,BD,27/5/2023
e4619642-fad5-485b-8751-a36c51abc78a,Amber,amaytommz@scribd.com,CN,26/1/2025
ea6a1371-2025-4ea7-a09b-0dc8464b22bc,Selma,sfishpondn0@disqus.com,TM,30/1/2022
4f41eb0f-fa44-41f9-b408-2cc6c14cfc39,Erwin,espencelayhn1@simplemachines.org,NG,15/8/2024
f78c0b9d-3a64-48c5-9ed7-7b672097a677,Justina,jpyfordn2@webmd.com,RU,3/2/2025
a6473897-bb67-45d5-91c8-2afcdbcf627b,Gypsy,grawlynsn3@oracle.com,NO,22/4/2020
56610242-c23b-4d08-a917-4cecfed22f6c,Tiff,tmaben4@theatlantic.com,PL,12/2/2026
d235206d-2035-404c-8412-743fce89121c,Emma,edillintonn5@imgur.com,BR,13/8/2024
e98bad85-3fb4-48b7-84b2-d039291177de,Ambros,aglanestern6@edublogs.org,FR,22/2/2023
05c64b69-6955-43a5-8e30-669f1ca0721b,Minna,mrobothamn7@bbc.co.uk,CZ,15/9/2020
f3df2440-62ca-48cd-a6bf-b8ec984a5c76,Tynan,thalledayn8@businesswire.com,AL,26/1/2022
bc542d52-d634-4ffa-be0d-f43d26809c41,Lorrin,lsomerledn9@flickr.com,DE,23/5/2024
9a47a486-1916-45f4-8b3c-b5ed48e68569,Elnar,eberzinsna@blinklist.com,BW,30/10/2021
ea6879fc-308e-4cab-908e-328667057294,Carmella,cvinernb@nasa.gov,FR,3/6/2024
3064c229-83fd-4548-b5c9-b2dc9887af63,Goddard,gtorfinnc@dion.ne.jp,SR,3/2/2021
d83bee94-9710-47c3-9724-84d5ea6a43f3,Dianne,dhowittnd@gravatar.com,CN,22/12/2020
e5d643cf-e9fe-4f79-9e75-b52b0ccfa329,Clarette,chaytone@jugem.jp,CN,22/8/2024
9a7d1714-7e71-445d-857e-d8fa87661c2e,Lancelot,llipmannnf@weibo.com,ID,17/4/2023
8ba17e62-2110-4cea-ac07-584f6234562c,Gabrielle,gcaffinng@bloglovin.com,IR,18/1/2022
a61462b6-faef-4b05-be18-5f4b780d88dc,Stormy,smethingamnh@constantcontact.com,CN,8/4/2023
e160d9ae-7b3d-4e48-aab7-3440ce094078,Aksel,acameranani@biglobe.ne.jp,SE,13/9/2025
854b36d7-c6a6-4d2c-962d-b6cdcc01a8f0,Aggy,arichardinnj@yolasite.com,AM,23/12/2024
c06031a1-c321-4442-b40b-16a7ab547b54,Orlando,ogrumleynk@jalbum.net,UA,19/2/2023
1087077e-3f5a-4622-a5ad-95aeee1c83c3,Elita,emccorkindalenl@wordpress.com,PH,9/11/2021
09e3fdeb-2fc2-4ff9-ae09-138349c2f24c,Arte,akantornm@topsy.com,KZ,21/5/2025
6ac357ea-703b-45d9-ab06-516ad993b71c,Vonny,vfarrearnn@netlog.com,PL,25/2/2021
74634258-28c7-484d-834d-9c10a132cffc,Raynor,rvickorsno@cnet.com,CZ,27/7/2024
d7d4d1a9-7445-4b40-869b-a6226faf2327,Francesco,fmatelyunasnp@cbslocal.com,RU,11/1/2023
812357cc-bd91-428e-9636-3fe9dda78379,Denney,dwestbynq@columbia.edu,CN,13/6/2023
1e01a6b5-2b7f-4f9b-a53d-56d592d034b0,Errol,ecoomnr@nbcnews.com,ID,14/12/2022
eb77e8c9-c6a7-4f2f-bb82-f4e30091549a,Kathe,klorentens@canalblog.com,BR,26/5/2021
29c60636-c49a-4056-8d9b-4fb58d842a6c,Myron,mmalyjnt@uiuc.edu,CN,12/2/2025
c74bb7f8-4ad7-43ce-8194-4724841d78fb,Carleton,cdecrucenu@ehow.com,UA,28/12/2021
7170e1db-4ed6-4de4-bd9d-2d261951ded9,Joice,jullocknv@themeforest.net,ID,19/11/2024
2b59f0b6-7329-4000-8dd1-7dafa2f22f4d,Cameron,cgavrielnw@youku.com,AL,1/12/2024
a4b4bab7-e64b-40ca-ba9e-906d82500ee8,Maurise,mgrumbridgenx@youtube.com,RU,24/6/2021
f8d333e0-7a3a-478e-a08d-4cfbe79a05ad,Curtice,cbygroveny@macromedia.com,CN,15/12/2025
66eaf460-1a9f-4342-a73c-04cbf16cdee3,Ernesta,eoldnallnz@utexas.edu,RU,22/12/2020
bd5d37a4-4f92-4b47-b3e1-3f595655d12e,Phyllis,plorenzettio0@icio.us,CN,15/11/2020
63db0df2-436a-4d23-85c6-24dba206a72b,Luce,livanonkoo1@mediafire.com,CN,1/4/2024
ce878e89-c085-40e5-9eb2-ab0b5491219a,Mada,mcunningtono2@msu.edu,SE,20/9/2024
47ad87d7-1af9-4052-9566-f1f26ab1b08e,Jori,jbaselioo3@sphinn.com,US,21/2/2025
6d35d8de-f96a-4bd6-ae00-12dc72b7c0f3,Robinetta,rmariao4@delicious.com,FI,1/5/2021
26e8bd01-8e11-4ff0-87f3-4a47bc73971e,Tomasina,tdobsono5@bbc.co.uk,UA,1/2/2022
dad60b7d-7bc4-4192-ba6e-b448e5b3511e,Luciana,lrubrao6@mozilla.com,ID,27/12/2020
cb721e52-2ba8-4d2b-a74d-8ba032eeb4e3,Boigie,bjonkeo7@freewebs.com,GM,14/8/2023
828e309d-0117-4437-a55d-00dd770b4ccf,Urban,unappino8@google.fr,ID,10/10/2024
bae344b3-0c2c-46fe-ba5f-46b70b51289f,Cass,crumsbyo9@java.com,ZM,5/11/2025
be0bbe26-b61e-4bce-88cd-0b6ed53b8093,Ripley,rmaffettioa@biblegateway.com,CN,24/3/2022
bf479b9c-53f5-4527-b077-9bdbe6ff05f3,Brien,bmazdonob@dmoz.org,BR,8/11/2020
33c316cb-9923-4465-9844-5b21faf6128a,Marilyn,mfyalloc@tinypic.com,EG,23/11/2021
6bc34761-dafc-4308-adfc-e3bfa3c9a9be,Misha,mpargentod@rambler.ru,RU,10/2/2022
19454041-3131-4b3b-89cc-08658062dcbe,Cathee,cdiggaroe@last.fm,BG,22/2/2022
9e5a0dd7-4c16-48f1-9aa2-0d25ce4eda78,Maisie,mbandof@lulu.com,GR,17/6/2021
9f54b957-f103-4668-a9ed-106637c58737,Karylin,kthalmannog@spotify.com,ID,11/4/2023
216dadb5-fcda-4237-ad92-110ff6f03344,Carie,cdzenisenkaoh@elpais.com,RU,6/1/2022
a0663901-10cc-409a-8e7a-bada5c80f248,Page,plittoi@zdnet.com,TH,13/5/2025
577e60da-a835-45f8-ae60-e081f601b3a0,Emmott,ebailyoj@bizjournals.com,CZ,28/6/2021
ed365e8d-17ae-4393-8670-370ac034d4a3,Curtice,ctotenok@samsung.com,CA,16/3/2021
5a4692b4-0180-4431-ba90-02fcbbc5d56f,Shelden,stomaszewskiol@hhs.gov,NO,25/9/2021
2d83964d-03ec-43b2-ba8a-463c2afb3765,Ozzy,owollrauchom@msn.com,CN,7/12/2023
1a2b5be5-6e70-490c-97a2-add70119c908,Sheryl,sirnyson@hibu.com,ID,17/8/2023
fb202513-dd03-4ee4-9f09-c415a54bd805,Allister,ahughilloo@cafepress.com,ID,25/10/2021
601c8dc4-a4a5-4433-ac1a-802c6ec90ece,Frazier,fcoxheadop@google.pl,NG,30/5/2023
9aa92ed5-811f-4ed8-9850-1fc7b33cc08e,Anallese,awoofendelloq@xrea.com,ID,17/12/2023
b55575f0-2c72-41e6-af7e-14875895e937,Alvis,aabraminoor@google.it,NZ,12/1/2021
28e31f72-6ba3-40af-b40a-3c73208f9600,Farrah,fdanforthos@ft.com,CN,11/10/2023
ec7cb84d-52b1-4454-8bfd-a9f3cd60e165,Terri-jo,tdelasalleot@devhub.com,HR,20/2/2026
e28a0d39-8840-4e44-8c47-412046140a54,Birk,bcluesou@usda.gov,CN,28/7/2022
2ac54827-3374-478b-a363-ec10e142c0d8,Letitia,lcockshttov@dagondesign.com,CN,1/1/2023
a89a704e-82e8-4855-8031-cdd63ac1d8e3,Amity,acrosbyow@aol.com,ID,3/6/2025
0a7b2a8d-7db1-491b-98f1-7023093112e0,Atlante,asamworthox@slate.com,KE,17/7/2025
2e2384dd-6dc5-439b-a0e8-d62d63ecb81f,Wynn,wmaidensoy@over-blog.com,ID,30/12/2025
575bd11b-7d4f-4f11-8e98-4c5ab378a49f,Doralynn,daickenoz@xing.com,SY,3/12/2022
71e90612-26c8-4dbf-8276-062873125d43,Cosme,cfreschinip0@arstechnica.com,PL,27/3/2025
d4ef0cce-0d61-4780-93d9-873766e78be4,Trev,tgiacomuzzop1@biglobe.ne.jp,CO,10/7/2025
41f715d5-6c1c-4092-8e17-1a67229e82ac,Vikki,vlothlorienp2@fda.gov,ID,2/4/2021
3b5d6c36-00bd-48ae-975d-fab4934f1ef1,Lanie,lchatwinp3@feedburner.com,CN,26/10/2023
f6c92127-e974-4b0a-966a-e00cbf7763e0,Marja,mkalbererp4@ifeng.com,RU,4/6/2020
3ad46558-ff2c-4a46-ad4a-be08f8a35af8,Mychal,mmainwaringp5@youtu.be,PK,15/5/2024
d9118a4c-2e26-4d77-ba57-14b675305ae3,Meta,mfilonp6@com.com,RU,17/10/2022
de80b248-49bb-4f6c-bcb8-e652a784eae3,Udell,uvalentettip7@gnu.org,UA,14/2/2025
ecae9631-df36-4d8e-9de1-7fb3b29dacfc,Elisabet,emcgillp8@stanford.edu,PE,10/1/2023
f0b0f8fb-4914-4b86-ab57-3222d1c7f0f9,Raff,rwankelp9@soundcloud.com,MY,17/12/2022
ba39231e-7011-4229-8b27-18da3d396ba2,Minnnie,mbuesdenpa@desdev.cn,ID,13/6/2024
a26fa4f0-662e-4646-8545-fa87e16ec4ef,Donall,dgiacobopb@hubpages.com,CN,13/9/2020
65d0eca0-f753-48a4-b2f5-a429f5cd2b56,Shae,sfishepc@chronoengine.com,US,12/8/2022
e6d072d1-9eb1-4da8-a0f8-efa419b6af9e,Kira,ktinkerpd@liveinternet.ru,CN,29/7/2022
d643b994-fe18-4f56-9553-8b5f82d84d11,Chandler,ccharterspe@psu.edu,DO,20/12/2020
e7b7c3b4-4829-40f2-b3f0-22c9b9c91251,Laurent,lguillartpf@berkeley.edu,FR,2/4/2023
a2929e6f-b09b-40bf-9678-dd3369b6f101,Garvin,gwillersonpg@google.pl,FR,28/10/2022
679e00f9-cf7a-4425-a967-860e5e343469,Latisha,ljeramph@springer.com,SE,19/3/2022
84859484-ed1d-4adf-8e31-9b63cac08cc9,Aeriell,ahebdenpi@a8.net,CU,13/5/2021
e185621c-683e-42a0-ae24-697d308ccae4,Alick,aridingspj@arstechnica.com,CN,30/6/2021
411cf6ac-110b-4be2-9bcb-caa3ae7825e6,Obadias,ocantuapk@google.cn,ID,4/4/2020
78dc6b94-e7ba-4c6e-aef8-ad78e9b6b3c1,Aubine,asimaopl@harvard.edu,BR,10/5/2025
cedd6695-40be-4ad3-9a79-c36dc72571d8,Bonnie,bfordhampm@statcounter.com,CN,26/12/2023
755e1e61-112e-42e7-83ee-c3053203400a,Elmira,egilhooleypn@indiegogo.com,PH,13/2/2022
da02b315-4ded-4db1-806f-6cad8b77bf98,Kass,kpykettpo@cnbc.com,JP,19/12/2021
76221c95-8dc4-4cb7-adfe-a24ff658f3ff,Calypso,chaslockpp@desdev.cn,SE,25/11/2023
fe3d4f8f-7bb9-438e-a02a-cdfd8d954f78,Mace,mbowhaypq@mapy.cz,AR,17/11/2020
b2fa9723-8136-4e8c-bc9e-eb1c9b5d5dfa,Svend,sleilpr@tamu.edu,ID,8/6/2022
eaa1691a-0e8f-48f0-99d5-3ad9957d19a7,Agatha,apavolillops@marketwatch.com,CN,28/5/2022
ea72a971-d999-481f-91f5-f753b8407399,Jessalyn,jagronpt@unicef.org,PH,18/10/2020
208282a7-fdd9-4255-bf74-8e172e7274ea,Otha,obarcroftpu@flavors.me,VN,13/5/2025
e1e0889b-2641-4cce-91a5-0ab3a0b708e1,Annadiana,amehmetpv@kickstarter.com,ID,20/7/2021
597ad8a9-f02c-4172-a29b-2ba941e5d36c,Benedikt,bkempstonepw@qq.com,PT,18/7/2020
b97ce349-4701-4361-9194-6191ad0d4e86,Leanor,lhandscombepx@statcounter.com,NG,28/9/2021
80f287db-be52-478c-aaa7-c3c60923057f,Ted,twreffordpy@t-online.de,ID,21/7/2022
3b4e84be-1040-4c7c-8363-cb9143e86904,Julius,jmilkehampz@twitpic.com,ID,26/1/2022
21239b6f-afda-4482-be03-f6645414fe21,Moses,malleburtonq0@yellowbook.com,BW,4/10/2025
f3fcd5bd-b1aa-40b7-890e-900cc186101f,Henrietta,hjaggersq1@wiley.com,PH,24/10/2023
c86111a5-e60a-412b-816f-d67c3cb98e65,Octavia,oorrahq2@forbes.com,PH,12/10/2020
4253635a-1667-4694-820d-c28f0f3bdfeb,Hartwell,hbrightyq3@economist.com,MG,28/1/2023
a1b6b1a0-627e-493b-80e0-b4f1397e495b,Sybil,skubecq4@mapquest.com,VN,26/9/2024
249ad587-401b-4239-8665-3273a4eea281,Edin,etilbrookq5@desdev.cn,CN,8/12/2025
e23d1312-e033-4277-bcd4-ab6727d24108,Darwin,dmccaughrenq6@devhub.com,BA,18/1/2024
fad1326a-673d-4758-b7b6-83ecedef6503,Betteanne,bflatleyq7@yellowpages.com,FR,5/1/2026
c2df2084-67f6-42d5-b78e-1a659896f95a,Faythe,fdilleyq8@hexun.com,CN,11/11/2021
58d75e27-8681-431a-a1c6-2d4ee8a569ba,Kamillah,kmacgraithq9@comcast.net,PT,2/8/2024
489f93a8-55d9-4a2a-ac57-c80a1c43c41d,Mortimer,mwinmillqa@tripod.com,BR,12/11/2024
b0a184e5-619c-492b-99a4-454efffe0f61,Franklyn,fblakesleyqb@blogs.com,CN,16/6/2025
7797046d-6d6c-416b-bda5-fd680f51783c,Miguel,mhalmkinqc@bbb.org,US,3/6/2024
7926a4aa-7a77-4ffa-898d-5fd19b7361af,Berti,bdegliabbatiqd@timesonline.co.uk,CN,21/12/2024
a1cd4292-f082-4bda-878b-fb4522ca8f29,Vivyan,vmccloughenqe@yahoo.com,ID,20/4/2021
f7dfa5af-95cb-4fb9-beba-0697ba0f8777,Teddy,tvamplewqf@phpbb.com,ID,5/2/2026
aa280636-60e7-4338-a361-50973dc59df9,Maurizio,mrazouxqg@cyberchimps.com,SE,13/11/2022
1ad054af-7776-48e2-9b04-4a3c91a309c1,Violetta,vdunsqh@friendfeed.com,PL,7/3/2024
5dc0de3f-0779-481d-845d-bb352cd79fe0,Felicity,fflecknoeqi@qq.com,PH,18/8/2020
9ef61d02-2ea9-40e1-8e1a-b501cdaefa1f,Georgina,gmarpleqj@godaddy.com,ID,29/11/2023
013600ee-fa44-4b8f-adac-b37465a3c5d1,Paloma,phadcockqk@dyndns.org,ID,1/2/2025
63d88bbd-6f2b-4bec-a6b8-3dc60f48f24e,Pincus,pmawmanql@jugem.jp,PH,5/8/2020
4dc9da99-b4b7-4998-869c-26b804227203,Dario,dnowillqm@nps.gov,CN,8/1/2025
cfa6ff1d-2a72-4683-96b0-18f31dba8c39,Bartolemo,belsayqn@feedburner.com,FR,10/12/2025
4492ac11-d46e-4707-85c6-4baefa3c1a0e,Maryanne,mgianulloqo@google.ru,MD,24/12/2022
e6845a1c-18cd-4dc8-9f80-5e17d077a268,Marsha,mdallanqp@mysql.com,ID,17/8/2020
51d1ebf7-8ebc-4c9b-8f6b-26729cdbb409,Tully,trackleyqq@so-net.ne.jp,CN,4/12/2024
101b73a0-e861-48e6-bfc0-f976c4824dbc,Garek,gcoxheadqr@sogou.com,CN,8/9/2024
7e981ee8-3e7d-4f31-9a1d-8b39554e1d69,Faustine,fornelesqs@netscape.com,MX,18/8/2024
e1070d7b-ad25-4b23-b20b-071b3b31331e,Louisette,lhatherleyqt@answers.com,ID,26/9/2024
1c9d40fd-51fc-4d3b-b47a-0acfac0aab61,Polly,pyouellqu@nature.com,UA,15/11/2025
3773102c-00aa-496d-821e-8521d96226d4,Rodney,rgosfordqv@last.fm,MG,9/6/2025
3f911ac4-4523-4183-bb71-937ba994b748,Tally,tdibaudiqw@prnewswire.com,ES,21/10/2024
5d92052f-0cfe-41ca-8542-95f215252f4f,Bernardine,bpinkstoneqx@rakuten.co.jp,GR,14/11/2021
c788784f-dcfe-4c99-bc85-b8f6e055ad86,Carmelle,crymmerqy@who.int,BR,16/10/2023
17a114cb-504a-498d-8b5e-5beac9dd58b6,Gertrude,gciceroqz@auda.org.au,AM,21/10/2025
33906916-81af-493f-b660-1672c8c3a3b9,Holmes,hosheeryner0@hc360.com,MG,14/9/2021
9b59ebae-6ea8-4d2d-aced-b18ac08d40c8,Athene,akennifeckr1@vimeo.com,ID,12/1/2024
2525f9fc-a7c6-49e1-8437-315245422208,Mervin,mdorbinr2@seesaa.net,CN,4/10/2025
94db9d68-dc27-4fec-92ff-d54e96a5d5e5,Chelsea,csizelandr3@imgur.com,CN,13/6/2022
a6d31e22-60e8-4729-b875-0f1553e8cf83,Andy,asearstonr4@youtube.com,FR,11/7/2023
2abd2389-384c-4819-bfdb-8a1531307131,Rinaldo,rondrasekr5@edublogs.org,SE,12/9/2024
aa047b5a-f6c5-4ee0-87d0-8e1318d43d7a,Sidonia,srowanr6@businesswire.com,PH,28/6/2025
317e8095-8153-4095-9a5e-12d927c431bf,Silvano,skiefr7@gravatar.com,CN,8/11/2024
98625560-e0eb-44bb-8167-b594f949937b,Axel,adunkr8@buzzfeed.com,AF,26/9/2022
5184df7b-a16e-40a8-86fa-1aef8ad9f67a,Merilee,mgunninghamr9@blinklist.com,PH,12/1/2026
4e112943-4614-436c-9aa6-09b59ee7c93a,Olin,owilsteadra@ca.gov,UA,2/12/2025
4cacb048-0ce6-408b-aa56-936cc57b71f1,Raymond,rgarroodrb@goo.gl,GR,17/12/2023
35d303b8-b148-4ac6-bd5c-ff066b5450f0,Virgie,vkuhnerc@fastcompany.com,PK,24/1/2024
c0d84ef7-6db0-4323-987a-8dfe65f53bde,Paddy,pmontierrd@php.net,CN,21/6/2020
ce1b35f1-8268-466d-8a8b-4ad3c812f373,Ogdon,olettsre@washingtonpost.com,AR,8/8/2021
47c6e2ba-e2d2-4ce5-8ee8-15e0fe84bdcd,Jaye,jhutonrf@yolasite.com,BR,16/11/2025
c60a8c1d-253c-4ede-82b6-40f7121bcc22,Estel,ebartrumrg@yellowbook.com,PH,17/3/2021
ef723378-354a-42c7-8c50-dffaa06669a0,Emile,eosculleyrh@flavors.me,RU,17/12/2024
9b05d1e8-7534-4551-8d72-4bd718eaa8ea,Nealy,ndanzigri@slashdot.org,PT,27/6/2021
7f2079c3-ccdf-4732-b099-9f0c27e8f9ae,Skylar,sapplefordrj@blinklist.com,AR,22/6/2022
6609fc99-d947-4cf8-935a-abafd1798bf2,Ciro,cdoughartyrk@bluehost.com,CN,29/3/2025
caa5c169-842f-46b4-8727-e244dcbd02e5,Anett,adevineyrl@purevolume.com,PL,15/3/2021
01b2efb2-8b54-4370-aec9-cbe34289c4f6,Lilia,lcollinetterm@narod.ru,MM,15/4/2025
41b9c51d-ecae-4157-9ce6-839738064e4b,Nevil,naxtonrn@theatlantic.com,CN,7/10/2025
a5119119-5d91-40f9-ad8c-2fb32fff7330,Rochelle,rmochanro@xing.com,CN,4/7/2020
83a4795f-147f-4c9a-9e2b-265f4a130837,Elise,epoytherasrp@wikipedia.org,CU,16/8/2025
94e40e71-8b29-4566-ac53-c2069d36b5c3,Roselia,rfradgleyrq@tuttocitta.it,CO,22/7/2024
97f8f105-0990-4943-86ec-432d4b1dadc7,Deck,dferriesrr@51.la,CN,31/3/2023
